Total commits,Total commits per day,Accumulated commits,Committers,Committers Weight,classes,ncloc,functions,coverage,complexity,comment_lines,comment_lines_density,duplicated_lines_density,files,file_complexity,violations,lines,statements,blocker_violations,critical_violations,major_violations,minor_violations,lines_to_cover,line_coverage,conditions_to_cover,branch_coverage,sqale_index,sqale_rating,false_positive_issues,open_issues,reopened_issues,confirmed_issues,sqale_debt_ratio,new_sqale_debt_ratio,code_smells,bugs,reliability_remediation_effort,reliability_rating,security_remediation_effort,security_rating,cognitive_complexity,new_development_cost,security_hotspots,security_review_rating,PorcentajeToxicos,Toxicos
4,0.083333333,1709,1,100,2746,150425,13115,35.7,27307,41948,21.8,12.4,2521,11,10274,282240,60159,43,2308,2824,4813,71695,38.3,28772,29.2,78749,1,1,10273,1,0,1.7,0,10044,216,2603,3,225,5,23576,0,246,5,50,1
52,0.183098592,1705,6,3.05795899,2746,150425,13115,35.6,27307,41948,21.8,12.4,2521,11,10279,282240,60159,43,2308,2829,4813,71695,38.2,28772,29.2,78899,1,1,10278,1,0,1.7,0,10049,216,2603,3,225,5,23576,0,246,5,34,1
14,0.194444444,1653,4,22.26345083,2734,149867,13078,0,27234,41918,21.9,12.5,2510,11,10845,279024,60015,51,2336,2904,5274,72676,0,0,0,133295,1,0,10845,0,0,3,4.85958486,10629,200,2323,5,270,5,23503,16380,252,1,28,0
0,0,1639,0,0,0,0,0,0,0,0,0,0,0,0,0,0,0,0,0,0,0,0,0,0,0,0,0,0,0,0,0,0,0,0,0,0,0,0,0,0,0,0,0,0,0
4,0.444444444,4813,2,37.5,6192,342231,27231,50.3,72655,53037,13.4,6,5899,12.3,22151,583009,146251,2,3073,4264,14306,163621,54.2,92549,43.3,136687,1,0,22151,0,0,1.3,0,21958,179,2236,4,210,2,78845,540,0,1,75,2
68,0.345177665,4809,17,2.652184895,6192,342231,27231,50.3,72655,53037,13.4,6,5899,12.3,22151,583009,146251,2,3073,4264,14306,163621,54.2,92549,43.4,136687,1,0,22151,0,0,1.3,0,21958,179,2236,4,210,2,78845,540,0,1,44,1
133,0.81097561,4741,17,1.789845931,6141,340801,27090,49.4,72325,52862,13.4,6.1,5851,12.4,23569,580004,145792,2,3123,5068,14870,163022,53.3,92193,42.6,182567,1,0,23569,0,0,1.8,0.548302872,23262,165,2026,4,1490,2,78761,34470,0,1,30,0
0,0,4608,0,0,0,0,0,0,0,0,0,0,0,0,0,0,0,0,0,0,0,0,0,0,0,0,0,0,0,0,0,0,0,0,0,0,0,0,0,0,0,0,0,0,0
239,6.828571429,3103,9,1.509719739,2923,549902,34023,24.1,78366,63868,10.4,1.7,3224,29,17258,783618,259030,600,3411,5731,7195,190166,25.3,59925,20.5,181146,1,5,17258,0,0,1.1,0.987808835,16514,622,7065,5,2304,5,77996,215730,107,5,33,0
596,5.570093458,2864,15,0.410058673,2896,547875,33883,24.3,78093,63784,10.4,1.6,3194,29.2,17301,780826,258527,594,3448,5712,7223,189648,25.4,59862,20.6,181057,1,4,17301,0,0,1.1,1.219179973,16559,620,7100,5,2304,5,77883,1666530,110,5,32,0
408,5.746478873,2268,10,0.704255181,2857,528661,33982,24.6,79223,64906,10.9,1.6,3159,30,23992,773122,265734,662,3815,9230,9766,186369,25.9,59866,20.7,214490,1,0,23992,0,0,1.4,0.70316173,23221,654,7256,5,2164,5,79538,340320,143,5,28,0
415,5.928571429,1860,12,0.727609485,2803,519799,33531,24.6,78249,63974,11,2,3097,30.2,22717,761335,262789,670,3782,8026,9723,182982,26,60225,20.3,208303,1,0,22717,0,0,1.3,0.969932105,21951,651,7107,5,2132,5,78773,1886730,134,5,34,1
210,6.774193548,1445,9,1.823411545,2536,461716,30974,27.1,72609,59412,11.4,2.1,2808,31.1,21248,695142,239985,587,3536,7609,8985,162620,29.3,60103,21.1,198292,1,0,21248,0,0,1.4,1.236334355,20561,573,6312,5,2112,5,73793,322890,102,5,30,0
189,6.3,1235,11,1.095026415,2393,430636,29646,26.6,68716,50024,10.4,2.2,2669,31.2,19875,652063,226143,559,3275,7125,8417,151701,28.9,57138,20.3,184451,1,0,19875,0,0,1.4,13.3974359,19224,539,5923,5,2052,5,69465,1560,105,1,34,1
0,0,1046,0,0,0,0,0,0,0,0,0,0,0,0,0,0,0,0,0,0,0,0,0,0,0,0,0,0,0,0,0,0,0,0,0,0,0,0,0,0,0,0,0,0,0
226,2.756097561,1573,14,3.008930658,2776,226953,15129,24.9,34673,44151,16.3,6.4,2535,14.6,8211,367457,89039,12,179,4877,3020,140247,24.4,33199,26.6,130795,1,102,8211,0,0,1.9,0.489607792,8187,22,385,5,30,4,30481,114990,21,5,14,0
248,0.654353562,1347,15,1.900766041,2726,224192,14747,18.2,34361,41426,15.6,6.4,2524,14.5,8888,359420,89604,149,466,5028,3125,126453,17.5,32905,20.5,136260,1,108,8888,0,0,2,0,8848,38,485,5,30,4,30741,13770,21,5,20,0
0,0,1099,0,0,0,0,0,0,0,0,0,0,0,0,0,0,0,0,0,0,0,0,0,0,0,0,0,0,0,0,0,0,0,0,0,0,0,0,0,0,0,0,0,0,0
0,0,7705,0,0,0,0,0,0,0,0,0,0,0,0,0,0,0,0,0,0,0,0,0,0,0,0,0,0,0,0,0,0,0,0,0,0,0,0,0,0,0,0,0,0,0
12,12,7705,5,11.4379085,2353,133113,14369,71.4,20515,26817,16.8,3.2,2006,12.3,2549,228939,33635,65,306,1209,861,47349,72.1,11115,68.7,26629,1,52,2549,0,0,0.7,0.389714103,2457,92,1304,5,0,1,7303,62610,0,1,41,1
17,4.25,7693,8,7.118141374,2356,133169,14383,71.4,20526,26817,16.8,3.2,2007,12.3,2551,229031,33648,65,306,1211,861,47370,72,11115,68.7,26669,1,52,2551,0,0,0.7,0.453167385,2459,92,1304,5,0,1,7303,62670,0,1,47,1
0,0,7676,0,0,0,0,0,0,0,0,0,0,0,0,0,0,0,0,0,0,0,0,0,0,0,0,0,0,0,0,0,0,0,0,0,0,0,0,0,0,0,0,0,0,0
12,12,7676,3,11.9047619,2320,131986,14204,71.3,20313,26471,16.7,3.1,1990,12.3,2530,226838,33356,65,306,1201,850,46937,72,11057,68.6,26433,1,52,2530,0,0,0.7,0.07301935,2440,90,1264,5,0,1,7268,54780,0,1,33,0
13,6.5,7664,4,14.47963801,2320,131824,14204,71.3,20313,26469,16.7,3.1,1990,12.3,2535,226672,33356,65,306,1206,850,46937,71.9,11057,68.6,26428,1,52,2535,0,0,0.7,0.0039801,2445,90,1264,5,0,1,7268,50250,0,1,46,1
1,0.5,7651,1,100,2320,131823,14204,71.3,20313,26469,16.7,3.1,1990,12.3,2535,226671,33356,65,306,1206,850,46937,71.9,11057,68.6,26428,1,52,2535,0,0,0.7,0.0039801,2445,90,1264,5,0,1,7268,50250,0,1,100,2
9,9,7650,4,19.75308642,2320,131767,14200,71.3,20294,26468,16.7,3.1,1990,12.3,2535,226608,33330,65,306,1206,850,46906,71.9,11039,68.5,26428,1,52,2535,0,0,0.7,0.004120313,2445,90,1264,5,0,1,7257,48540,0,1,33,0
9,9,7641,3,15.55555556,2320,131773,14200,71.3,20296,26469,16.7,3.1,1990,12.3,2535,226615,33334,65,306,1206,850,46909,71.9,11041,68.5,26428,1,52,2535,0,0,0.7,0.003898635,2445,90,1264,5,0,1,7259,51300,0,1,44,1
21,10.5,7632,6,6.256517205,2296,130619,14010,71.1,20071,26190,16.7,3.2,1981,12.2,2522,224587,32973,65,306,1195,851,46417,71.9,10943,68.1,26336,1,52,2522,0,0,0.7,0,2432,90,1264,5,0,1,7203,13170,0,1,38,1
8,8,7611,3,17.30769231,2296,130619,14010,71.1,20071,26190,16.7,3.2,1981,12.2,2522,224587,32973,65,306,1195,851,46417,71.9,10943,68,26336,1,52,2522,0,0,0.7,0.178015131,2432,90,1264,5,0,1,7203,22470,0,1,25,0
11,3.666666667,7603,3,12.91866029,2296,130619,14010,71.1,20071,26190,16.7,3.2,1981,12.2,2522,224587,32973,65,306,1195,851,46417,71.9,10943,68,26336,1,52,2522,0,0,0.7,0.342759212,2432,90,1264,5,0,1,7203,23340,0,1,27,0
0,0,7592,0,0,0,0,0,0,0,0,0,0,0,0,0,0,0,0,0,0,0,0,0,0,0,0,0,0,0,0,0,0,0,0,0,0,0,0,0,0,0,0,0,0,0
13,13,7592,4,9.925558313,2296,130541,14009,71.1,20061,26178,16.7,3.2,1980,12.2,2520,224489,32960,65,305,1194,851,46404,71.9,10939,68.1,26296,1,52,2520,0,0,0.7,0.196367207,2430,90,1264,5,0,1,7196,20370,0,1,30,0
10,10,7579,3,18.26086957,2296,130541,14009,71.1,20061,26178,16.7,3.2,1980,12.2,2520,224489,32960,65,305,1194,851,46404,71.9,10939,68,26296,1,52,2520,0,0,0.7,0.171600172,2430,90,1264,5,0,1,7196,23310,0,1,40,1
13,13,7569,4,12.51629726,2293,130359,13981,71.1,20021,26083,16.7,3.1,1978,12.2,2517,224093,32900,65,305,1192,850,46324,71.8,10913,68,26206,1,51,2517,0,0,0.7,0,2427,90,1264,5,0,1,7187,14040,0,1,30,0
8,2.666666667,7556,4,15625,2293,130359,13981,71.1,20021,26083,16.7,3.1,1978,12.2,2517,224093,32900,65,305,1192,850,46324,71.8,10913,68,26206,1,51,2517,0,0,0.7,0,2427,90,1264,5,0,1,7187,14910,0,1,37,1
14,14,7548,4,12.19512195,2293,130329,13977,71.1,20011,26062,16.7,3.1,1978,12.2,2516,224024,32886,65,304,1192,850,46308,71.8,10897,68.1,26200,1,51,2516,0,0,0.7,0,2426,90,1264,5,0,1,7181,16980,0,1,42,1
18,9,7534,2,19.75308642,2293,130229,13977,71.2,20011,26038,16.7,3.1,1976,12.2,2514,223890,32886,65,304,1191,849,46308,71.9,10897,68.2,26190,1,51,2514,0,0,0.7,0,2424,90,1264,5,0,1,7181,14490,0,1,44,1
7,7,7516,4,17.58241758,2293,130229,13977,71.1,20011,26038,16.7,3.1,1976,12.2,2514,223890,32886,65,304,1191,849,46308,71.8,10897,68.1,26190,1,51,2514,0,0,0.7,0,2424,90,1264,5,0,1,7181,14940,0,1,42,1
0,0,7509,0,0,0,0,0,0,0,0,0,0,0,0,0,0,0,0,0,0,0,0,0,0,0,0,0,0,0,0,0,0,0,0,0,0,0,0,0,0,0,0,0,0,0
19,4.75,7509,5,7.368421053,2293,130107,13974,71.1,20002,26014,16.7,3.1,1974,12.2,2514,223730,32874,65,304,1191,849,46295,71.9,10881,68.1,26190,1,51,2514,0,0,0.7,0.191256831,2424,90,1264,5,0,1,7175,18300,0,1,47,1
0,0,7490,0,0,0,0,0,0,0,0,0,0,0,0,0,0,0,0,0,0,0,0,0,0,0,0,0,0,0,0,0,0,0,0,0,0,0,0,0,0,0,0,0,0,0
21,10.5,7490,5,6.683375104,2293,130095,13973,71.1,20001,26013,16.7,3.1,1974,12.2,2514,223712,32871,65,304,1191,849,46291,71.8,10881,68.1,26190,1,51,2514,0,0,0.7,1.055473736,2424,90,1264,5,0,1,7175,20370,0,1,33,0
10,10,7469,4,12.72727273,2293,130081,13973,71.1,20001,26012,16.7,3.1,1974,12.2,2514,223697,32871,65,304,1191,849,46291,71.8,10881,68.1,26190,1,51,2514,0,0,0.7,0.968783638,2424,90,1264,5,0,1,7175,27870,0,1,30,0
14,3.5,7459,6,9.703504043,2293,130077,13973,71,20001,26012,16.7,3.1,1974,12.2,2523,223693,32863,70,304,1195,849,46286,71.7,10877,68.1,26180,1,44,2517,6,0,0.7,0.995575221,2423,94,1319,5,90,5,7169,27120,0,1,50,1
21,21,7445,4,8.556149733,2291,129764,13935,71.1,19947,25888,16.6,3,1972,12.2,2514,223147,32751,68,309,1181,851,46144,71.8,10847,68.1,25890,1,43,2514,0,0,0.7,0.025100402,2408,94,1319,5,140,5,7150,19920,33,5,38,1
10,5,7424,3,14.11764706,2289,129557,13903,71,19898,25774,16.6,3,1971,12.2,2509,222708,32679,65,309,1180,850,46053,71.8,10813,68,25850,1,42,2509,0,0,0.7,0,2403,94,1319,5,140,5,7138,16380,33,5,30,0
7,2.333333333,7414,3,19.48051948,2289,129557,13903,71,19898,25774,16.6,3,1971,12.2,2509,222708,32679,65,309,1180,850,46053,71.7,10813,68,25850,1,42,2509,0,0,0.7,0,2403,94,1319,5,140,5,7138,16320,33,5,57,1
13,13,7407,5,9.355509356,2289,129558,13901,71,19898,25767,16.6,3,1971,12.2,2509,222698,32678,65,309,1180,850,46056,71.7,10816,68,25850,1,42,2509,0,0,0.7,0.002604167,2403,94,1319,5,140,5,7139,38400,33,5,23,0
11,11,7394,4,16.78321678,2289,129486,13893,71,19883,25759,16.6,3,1971,12.1,2507,222598,32650,65,309,1178,850,46024,71.7,10794,67.9,25790,1,42,2507,0,0,0.7,0.00281294,2401,94,1319,5,140,5,7130,35550,33,5,36,1
7,7,7383,3,19.48051948,2289,129436,13893,70.9,19883,25747,16.6,3,1970,12.1,2514,222531,32650,65,309,1185,850,46024,71.7,10794,67.8,25790,1,37,2514,0,0,0.7,0.314569536,2401,101,1409,5,140,5,7130,108720,33,5,42,1
13,13,7376,4,9.925558313,2288,129402,13889,70.9,19878,25738,16.6,3,1969,12.2,2518,222459,32640,65,309,1185,850,46007,71.7,10792,67.8,25790,1,37,2518,0,0,0.7,0.318791946,2405,101,1409,5,140,5,7129,107280,33,5,30,0
13,3.25,7363,3,14.42307692,2281,128974,13813,70.8,19761,25530,16.5,2.9,1965,12.1,2505,221529,32468,65,309,1177,849,45816,71.5,10750,67.5,25549,1,37,2505,0,0,0.7,0.369888274,2392,101,1409,5,140,5,7120,92190,33,5,53,1
34,17,7350,5,6.025824964,2255,127707,13685,71.1,19573,25404,16.6,2.9,1943,12.1,2415,219459,32099,65,305,1125,818,45343,72,10726,67.4,25099,1,37,2415,0,0,0.7,0,2310,93,1309,5,140,5,7045,17520,33,5,29,0
10,10,7316,3,14.11764706,2256,127749,13700,71.1,19601,25404,16.6,2.9,1944,12.2,2420,219537,32125,65,305,1129,818,45360,72,10738,67.5,25174,1,37,2420,0,0,0.7,0.452609159,2315,93,1309,5,140,5,7037,18780,33,5,30,0
7,7,7306,2,24.48979592,2255,127707,13685,71.1,19573,25404,16.6,2.9,1943,12.1,2415,219459,32099,65,305,1125,818,45343,72,10726,67.4,25099,1,37,2415,0,0,0.7,0,2310,93,1309,5,140,5,7045,10200,33,5,28,0
7,2.333333333,7299,2,24.48979592,2255,127707,13685,71.1,19573,25404,16.6,2.9,1943,12.1,2415,219459,32099,65,305,1125,818,45343,72,10726,67.3,25099,1,37,2415,0,0,0.7,0,2310,93,1309,5,140,5,7045,10230,33,5,57,1
7,7,7292,2,24.48979592,2255,127707,13685,71.1,19573,25404,16.6,2.9,1943,12.1,2415,219459,32099,65,305,1125,818,45343,72,10726,67.4,25099,1,37,2415,0,0,0.7,0,2310,93,1309,5,140,5,7045,10230,33,5,28,0
13,13,7285,4,11.78396072,2255,127707,13685,71.1,19573,25404,16.6,2.9,1943,12.1,2415,219459,32099,65,305,1125,818,45343,72,10726,67.3,25099,1,37,2415,0,0,0.7,0,2310,93,1309,5,140,5,7045,11700,33,5,30,0
0,0,7272,0,0,0,0,0,0,0,0,0,0,0,0,0,0,0,0,0,0,0,0,0,0,0,0,0,0,0,0,0,0,0,0,0,0,0,0,0,0,0,0,0,0,0
11,11,7272,5,10.97178683,2255,127708,13685,71.1,19573,25404,16.6,2.9,1943,12.1,2415,219461,32099,65,305,1125,818,45343,72,10726,67.4,25099,1,37,2415,0,0,0.7,0.018066847,2310,93,1309,5,140,5,7045,22140,33,5,36,1
22,5.5,7261,4,9.59040959,2255,127706,13684,71.1,19572,25403,16.6,2.9,1943,12.1,2414,219455,32100,64,305,1125,818,45343,71.9,10726,67.3,25089,1,37,2414,0,0,0.7,0.01826484,2309,93,1309,5,140,5,7045,21900,33,5,27,0
9,9,7239,3,15.55555556,2255,127706,13684,71.1,19572,25403,16.6,2.9,1943,12.1,2414,219455,32100,64,305,1125,818,45343,72,10726,67.4,25089,1,37,2414,0,0,0.7,0.144467935,2309,93,1309,5,140,5,7045,28380,33,5,55,1
0,0,7230,0,0,0,0,0,0,0,0,0,0,0,0,0,0,0,0,0,0,0,0,0,0,0,0,0,0,0,0,0,0,0,0,0,0,0,0,0,0,0,0,0,0,0
19,9.5,7230,3,17.45152355,2252,127318,13644,71,19508,25226,16.5,2.9,1941,12.1,2411,218738,31946,63,305,1124,817,45159,71.8,10679,67.2,25072,1,37,2411,0,0,0.7,0.30848329,2306,93,1309,5,140,5,7019,23340,33,5,21,0
10,10,7211,2,18,2252,127318,13644,71,19508,25226,16.5,2.9,1941,12.1,2411,218738,31946,63,305,1124,817,45159,71.9,10679,67.2,25072,1,37,2411,0,0,0.7,0.30848329,2306,93,1309,5,140,5,7019,23340,33,5,50,1
10,3.333333333,7201,3,18.26086957,2252,127318,13644,71,19508,25226,16.5,2.9,1941,12.1,2412,218738,31946,63,305,1125,817,45159,71.9,10679,67.3,25072,1,36,2412,0,0,0.7,0.316100162,2306,94,1314,5,140,5,7019,105030,33,5,30,0
0,0,7191,0,0,0,0,0,0,0,0,0,0,0,0,0,0,0,0,0,0,0,0,0,0,0,0,0,0,0,0,0,0,0,0,0,0,0,0,0,0,0,0,0,0,0
13,13,7191,4,11.78396072,2249,127115,13631,70.9,19476,25216,16.6,2.9,1939,12.1,2409,218458,31871,63,303,1124,817,45060,71.8,10649,67.1,25035,1,36,2409,0,0,0.7,0.28256705,2303,94,1314,5,140,5,6989,104400,33,5,38,1
12,12,7178,5,10.1010101,2248,126983,13620,70.9,19462,25197,16.6,2.9,1938,12.1,2404,218272,31848,62,300,1123,817,45009,71.8,10643,67.1,25000,1,36,2404,0,0,0.7,0.262070356,2299,93,1309,5,140,5,6986,99210,33,5,33,0
13,13,7166,6,11.78396072,2248,126940,13616,70.9,19452,25196,16.6,2.9,1938,12.1,2404,218227,31835,62,300,1123,817,44992,71.8,10634,67.1,25000,1,36,2404,0,0,0.7,0.26326448,2299,93,1309,5,140,5,6983,98760,33,5,46,1
17,4.25,7153,3,11.22994652,2183,124309,13342,71,19012,24819,16.6,3,1902,12.1,2359,213927,31056,62,295,1101,801,43898,71.9,10392,67,24628,1,33,2359,0,0,0.7,0,2254,93,1309,5,140,5,6806,14610,33,5,23,0
0,0,7136,0,0,0,0,0,0,0,0,0,0,0,0,0,0,0,0,0,0,0,0,0,0,0,0,0,0,0,0,0,0,0,0,0,0,0,0,0,0,0,0,0,0,0
7,7,7136,3,19.48051948,2183,124215,13343,71,19013,24797,16.6,3,1900,12.1,2359,213805,31060,62,295,1101,801,43902,71.9,10392,67,24628,1,33,2359,0,0,0.7,0,2254,93,1309,5,140,5,6806,11250,33,5,57,1
11,11,7129,4,11.63636364,2183,124215,13343,71,19013,24797,16.6,3,1900,12.1,2359,213805,31060,62,295,1101,801,43902,71.9,10392,67,24628,1,33,2359,0,0,0.7,0.348162476,2254,93,1309,5,140,5,6806,15510,33,5,45,1
17,8.5,7118,5,9.515570934,2183,124179,13339,71,19005,24790,16.6,3,1900,12.1,2359,213748,31049,62,295,1101,801,43882,71.9,10384,67,24628,1,33,2359,0,0,0.7,0.28526149,2254,93,1309,5,140,5,6802,18930,33,5,23,0
0,0,7101,0,0,0,0,0,0,0,0,0,0,0,0,0,0,0,0,0,0,0,0,0,0,0,0,0,0,0,0,0,0,0,0,0,0,0,0,0,0,0,0,0,0,0
19,4.75,7101,4,8.202323992,2183,124179,13339,71,19005,24790,16.6,3,1900,12.1,2359,213748,31049,62,295,1101,801,43882,71.9,10384,67,24628,1,33,2359,0,0,0.7,0.319444444,2254,93,1309,5,140,5,6802,21600,33,5,42,1
7,7,7082,4,17.58241758,2182,124038,13319,71,18974,24786,16.7,3,1900,12.1,2351,213575,31006,62,294,1094,801,43816,71.9,10362,67,24564,1,33,2351,0,0,0.7,0.08650519,2246,93,1309,5,140,5,6789,17340,33,5,42,1
24,12,7075,2,15.27777778,2182,123887,13318,71,18975,24745,16.6,3,1897,12.1,2351,213368,31007,62,294,1094,801,43818,71.9,10366,67,24564,1,33,2351,0,0,0.7,0.61014772,2246,93,1309,5,140,5,6794,15570,33,5,20,0
2,1,7051,1,100,2182,123887,13318,71,18975,24745,16.6,3,1897,12.1,2351,213368,31007,62,294,1094,801,43818,71.9,10366,67,24564,1,33,2351,0,0,0.7,0.574712644,2246,93,1309,5,140,5,6794,16530,33,5,0,0
18,9,7049,4,10.69958848,2181,123804,13303,70.9,18953,24741,16.7,3,1896,12,2345,213238,30979,62,294,1093,797,43782,71.9,10354,67,24489,1,33,2345,0,0,0.7,0.753186559,2240,93,1309,5,140,5,6786,51780,33,5,27,0
0,0,7031,0,0,0,0,0,0,0,0,0,0,0,0,0,0,0,0,0,0,0,0,0,0,0,0,0,0,0,0,0,0,0,0,0,0,0,0,0,0,0,0,0,0,0
22,11,7031,6,6.706408346,2180,123702,13296,70.9,18938,24732,16.7,3,1895,12,2343,213099,30937,62,292,1093,797,43722,71.8,10336,66.9,24469,1,32,2343,0,0,0.7,0.646864686,2238,93,1309,5,140,5,6777,60600,33,5,31,0
0,0,7009,0,0,0,0,0,0,0,0,0,0,0,0,0,0,0,0,0,0,0,0,0,0,0,0,0,0,0,0,0,0,0,0,0,0,0,0,0,0,0,0,0,0,0
25,6.25,7009,4,12.2247191,2180,123670,13296,70.9,18938,24732,16.7,3,1895,12,2348,213067,30937,62,292,1093,802,43722,71.9,10336,67,24494,1,32,2348,0,0,0.7,0.720851476,2243,93,1309,5,140,5,6777,62010,37,5,36,1
0,0,6984,0,0,0,0,0,0,0,0,0,0,0,0,0,0,0,0,0,0,0,0,0,0,0,0,0,0,0,0,0,0,0,0,0,0,0,0,0,0,0,0,0,0,0
0,0,6984,0,0,0,0,0,0,0,0,0,0,0,0,0,0,0,0,0,0,0,0,0,0,0,0,0,0,0,0,0,0,0,0,0,0,0,0,0,0,0,0,0,0,0
22,11,6984,6,6.706408346,2192,123880,13300,70.8,19020,24634,16.6,2.8,1899,12,2373,213262,31133,62,294,1098,819,43995,71.7,10412,67.3,24292,1,30,2373,0,0,0.7,0.480769231,2254,94,1319,5,270,5,6875,12480,33,5,27,0
0,0,6962,0,0,0,0,0,0,0,0,0,0,0,0,0,0,0,0,0,0,0,0,0,0,0,0,0,0,0,0,0,0,0,0,0,0,0,0,0,0,0,0,0,0,0
13,13,6962,4,9.925558313,2192,123818,13299,70.8,19012,24623,16.6,2.8,1899,12,2366,213179,31095,62,294,1093,817,43962,71.7,10402,67.3,24242,1,30,2366,0,0,0.7,0.049603175,2247,94,1319,5,270,5,6873,10080,33,5,30,0
14,3.5,6949,3,13.46938776,2192,123818,13299,70.8,19012,24623,16.6,2.8,1899,12,2366,213179,31095,62,294,1093,817,43962,71.7,10402,67.3,24242,1,30,2366,0,0,0.7,0.049603175,2247,94,1319,5,270,5,6873,10080,33,5,42,1
0,0,6935,0,0,0,0,0,0,0,0,0,0,0,0,0,0,0,0,0,0,0,0,0,0,0,0,0,0,0,0,0,0,0,0,0,0,0,0,0,0,0,0,0,0,0
23,11.5,6935,3,12.39130435,2192,123814,13299,70.8,19011,24623,16.6,2.8,1899,12,2373,213175,31095,62,294,1093,824,43960,71.7,10400,67.3,24277,1,30,2373,0,0,0.7,0,2254,94,1319,5,270,5,6872,9600,33,5,26,0
12,12,6912,3,15.51724138,2192,123814,13299,70.8,19011,24623,16.6,2.8,1899,12,2373,213175,31095,62,294,1093,824,43960,71.7,10400,67.3,24277,1,30,2373,0,0,0.7,0.378590078,2254,94,1319,5,270,5,6872,45960,33,5,33,0
7,1.75,6900,3,24.48979592,2192,123814,13299,70.8,19011,24623,16.6,2.8,1899,12,2373,213175,31095,62,294,1093,824,43960,71.7,10400,67.3,24277,1,30,2373,0,0,0.7,0.378590078,2254,94,1319,5,270,5,6872,45960,33,5,57,1
0,0,6893,0,0,0,0,0,0,0,0,0,0,0,0,0,0,0,0,0,0,0,0,0,0,0,0,0,0,0,0,0,0,0,0,0,0,0,0,0,0,0,0,0,0,0
11,11,6893,5,12.39669421,2192,123806,13298,70.8,19010,24616,16.6,2.8,1899,12,2372,213157,31091,62,294,1093,824,43956,71.7,10400,67.3,24277,1,30,2372,0,0,0.7,0.38107753,2253,94,1319,5,270,5,6871,45660,33,5,36,1
17,5.666666667,6882,3,11.22994652,2172,122627,13063,70.6,18745,24146,16.5,2.7,1883,12,2346,210526,30741,62,294,1082,809,43548,71.5,10279,67,24028,1,30,2346,0,0,0.7,0,2227,94,1319,5,270,5,6798,9600,33,5,35,1
7,2.333333333,6865,2,24.48979592,2172,122627,13063,70.6,18745,24146,16.5,2.7,1883,12,2346,210526,30741,62,294,1082,809,43548,71.5,10279,67,24028,1,30,2346,0,0,0.7,0,2227,94,1319,5,270,5,6798,9600,33,5,42,1
15,15,6858,3,12.63157895,2172,122627,13063,70.6,18745,24146,16.5,2.7,1883,12,2346,210526,30741,62,294,1082,809,43548,71.5,10279,67,24028,1,30,2346,0,0,0.7,0,2227,94,1319,5,270,5,6798,9600,33,5,26,0
14,14,6843,2,13.26530612,2172,122627,13063,70.6,18745,24146,16.5,2.7,1883,12,2346,210526,30741,62,294,1082,809,43548,71.5,10279,67,24028,1,30,2346,0,0,0.7,0,2227,94,1319,5,270,5,6798,9600,33,5,28,0
5,2.5,6829,2,32,2172,122627,13063,70.6,18745,24146,16.5,2.7,1883,12,2346,210526,30741,62,294,1082,809,43548,71.5,10279,67,24028,1,30,2346,0,0,0.7,0,2227,94,1319,5,270,5,6798,9600,33,5,60,1
11,2.75,6824,3,18.47507331,2172,122627,13063,70.6,18745,24146,16.5,2.7,1883,12,2346,210526,30741,62,294,1082,809,43548,71.5,10279,67,24028,1,30,2346,0,0,0.7,0,2227,94,1319,5,270,5,6798,9600,33,5,36,1
0,0,6813,0,0,0,0,0,0,0,0,0,0,0,0,0,0,0,0,0,0,0,0,0,0,0,0,0,0,0,0,0,0,0,0,0,0,0,0,0,0,0,0,0,0,0
7,7,6813,2,24.48979592,2172,122626,13063,70.6,18745,24145,16.5,2.7,1883,12,2346,210523,30741,62,294,1082,809,43548,71.5,10279,67,24028,1,30,2346,0,0,0.7,0,2227,94,1319,5,270,5,6798,9570,33,5,28,0
20,10,6806,6,7.358490566,2172,122626,13063,70.6,18745,24145,16.5,2.7,1883,12,2346,210523,30741,62,294,1082,809,43548,71.5,10279,67,24028,1,30,2346,0,0,0.7,0,2227,94,1319,5,270,5,6798,11760,33,5,45,1
7,2.333333333,6786,2,24.48979592,2172,122626,13063,70.6,18745,24145,16.5,2.7,1883,12,2346,210523,30741,62,294,1082,809,43548,71.5,10279,67,24028,1,30,2346,0,0,0.7,0,2227,94,1319,5,270,5,6798,11790,33,5,42,1
13,13,6779,2,14.20118343,2172,122626,13063,70.6,18745,24145,16.5,2.7,1883,12,2346,210523,30741,62,294,1082,809,43548,71.5,10279,67,24028,1,30,2346,0,0,0.7,0,2227,94,1319,5,270,5,6798,11790,33,5,15,0
9,9,6766,4,14.03508772,2172,122626,13063,70.6,18745,24145,16.5,2.7,1883,12,2346,210523,30741,62,294,1082,809,43548,71.5,10279,67,24028,1,30,2346,0,0,0.7,0.035161744,2227,94,1319,5,270,5,6798,14220,33,5,44,1
9,9,6757,3,20,2172,122557,13060,70.6,18741,24125,16.4,2.7,1882,12,2344,210416,30734,62,294,1082,807,43538,71.4,10277,66.9,21926,1,30,2344,0,0,0.6,0.04145937,2225,94,1299,5,270,5,6797,12060,33,5,33,0
0,0,6748,0,0,0,0,0,0,0,0,0,0,0,0,0,0,0,0,0,0,0,0,0,0,0,0,0,0,0,0,0,0,0,0,0,0,0,0,0,0,0,0,0,0,0
9,9,6748,4,14.03508772,2172,122557,13060,70.6,18740,24125,16.4,2.7,1882,12,2344,210416,30734,62,294,1082,807,43538,71.4,10275,66.9,21926,1,30,2344,0,0,0.6,0.041666667,2225,94,1299,5,270,5,6797,12000,33,5,22,0
19,4.75,6739,4,8.202323992,2172,122556,13060,70.6,18740,24117,16.4,2.7,1882,12,2345,210407,30734,62,294,1082,807,43538,71.4,10275,66.9,21926,1,30,2345,0,0,0.6,0.041771094,2226,94,1299,5,270,5,6797,11970,33,5,36,1
9,9,6720,2,19.75308642,2171,122476,13051,70.6,18720,24116,16.5,2.7,1881,12,2344,210292,30703,62,293,1082,807,43498,71.5,10275,66.9,21921,1,30,2344,0,0,0.6,0.199004975,2225,94,1299,5,270,5,6786,10050,33,5,33,0
8,8,6711,2,21875,2171,122476,13051,70.6,18720,24116,16.5,2.7,1881,12,2344,210292,30703,62,293,1082,807,43498,71.5,10275,66.9,21921,1,30,2344,0,0,0.6,0.198412698,2225,94,1299,5,270,5,6786,10080,33,5,25,0
7,1.75,6703,2,24.48979592,2171,122476,13051,70.6,18720,24116,16.5,2.7,1881,12,2344,210292,30703,62,293,1082,807,43498,71.5,10275,66.9,21921,1,30,2344,0,0,0.6,0.198412698,2225,94,1299,5,270,5,6786,10080,33,5,42,1
0,0,6696,0,0,0,0,0,0,0,0,0,0,0,0,0,0,0,0,0,0,0,0,0,0,0,0,0,0,0,0,0,0,0,0,0,0,0,0,0,0,0,0,0,0,0
17,17,6696,2,20.76124567,2171,122461,13051,70.6,18717,24112,16.5,2.7,1881,12,2343,210268,30695,62,293,1081,807,43488,71.5,10269,66.9,21901,1,30,2343,0,0,0.6,0,2224,94,1299,5,270,5,6782,9600,33,5,41,1
13,13,6679,4,9.925558313,2171,122461,13051,70.6,18717,24112,16.5,2.7,1881,12,2343,210268,30695,62,293,1081,807,43488,71.5,10269,66.9,21901,1,30,2343,0,0,0.6,0,2224,94,1299,5,270,5,6782,9600,33,5,38,1
6,6,6666,2,27.77777778,2171,122466,13051,70.6,18717,24112,16.4,2.7,1881,12,2343,210273,30695,62,293,1081,807,43488,71.5,10269,66.9,21901,1,30,2343,0,0,0.6,0,2224,94,1299,5,270,5,6782,10380,33,5,33,0
9,9,6660,2,19.75308642,2171,122466,13051,70.6,18717,24112,16.4,2.7,1881,12,2343,210273,30695,62,293,1081,807,43488,71.5,10269,66.9,21901,1,30,2343,0,0,0.6,0,2224,94,1299,5,270,5,6782,11850,33,5,33,0
8,2.666666667,6651,2,21875,2171,122466,13051,70.6,18717,24112,16.4,2.7,1881,12,2343,210273,30695,62,293,1081,807,43488,71.5,10269,66.9,21901,1,30,2343,0,0,0.6,0,2224,94,1299,5,270,5,6782,13350,33,5,62,1
0,0,6643,0,0,0,0,0,0,0,0,0,0,0,0,0,0,0,0,0,0,0,0,0,0,0,0,0,0,0,0,0,0,0,0,0,0,0,0,0,0,0,0,0,0,0
21,10.5,6643,4,9.235209235,2171,122466,13051,70.6,18717,24112,16.4,2.7,1881,12,2343,210273,30695,62,293,1081,807,43488,71.5,10269,66.9,21901,1,30,2343,0,0,0.6,0,2224,94,1299,5,270,5,6782,13710,33,5,38,1
21,10.5,6622,3,13.49206349,2171,122461,13050,70.6,18715,24113,16.5,2.7,1881,12,2321,210265,30695,62,293,1059,807,43486,71.5,10263,66.9,21891,1,30,2321,0,0,0.6,0,2202,94,1299,5,270,5,6781,12900,33,5,19,0
12,4,6601,2,15.27777778,2171,122360,13050,70.6,18715,24089,16.4,2.7,1879,12,2321,210130,30695,62,293,1059,807,43486,71.5,10263,66.9,21891,1,30,2321,0,0,0.6,0,2202,94,1299,5,270,5,6781,15510,33,5,41,1
0,0,6589,0,0,2171,122360,13050,70.6,18715,24089,16.4,2.7,1879,12,2321,210130,30695,62,293,1059,807,43486,71.5,10263,66.9,21891,1,30,2321,0,0,0.6,0,2202,94,1299,5,270,5,6781,15900,33,5,0,0
11,11,6589,5,12.98701299,2171,122352,13050,70.6,18715,24088,16.4,2.7,1879,12,2321,210121,30695,62,293,1059,807,43486,71.5,10263,66.8,21891,1,30,2321,0,0,0.6,0,2202,94,1299,5,270,5,6781,15600,33,5,90,3
0,0,6578,0,0,0,0,0,0,0,0,0,0,0,0,0,0,0,0,0,0,0,0,0,0,0,0,0,0,0,0,0,0,0,0,0,0,0,0,0,0,0,0,0,0,0
125,2.049180328,3358,13,1.441839274,773,45668,3914,74.8,5950,8584,15.8,1,1031,5.9,362,93976,17440,0,17,201,142,13745,74.8,0,0,2178,1,16,362,0,0,0.2,0.122280451,316,46,320,3,0,1,3126,62970,2,1,42,1
86,1.323076923,3233,10,1.438645207,737,43748,3755,73,5637,8100,15.6,1,994,5.8,351,90613,16536,0,14,194,141,12797,73,0,0,2111,1,16,351,0,0,0.2,0,305,46,320,3,0,1,2918,0,9,1,44,1
124,2.339622642,3147,8,1.650967013,735,43512,3740,73.5,5610,8054,15.6,1.1,990,5.8,350,83697,16394,0,14,193,141,12504,73.5,0,0,2091,1,16,350,0,0,0.2,1.418439716,304,46,320,3,0,1,2914,2820,9,1,50,1
0,0,3023,0,0,0,0,0,0,0,0,0,0,0,0,0,0,0,0,0,0,0,0,0,0,0,0,0,0,0,0,0,0,0,0,0,0,0,0,0,0,0,0,0,0,0
0,0,3023,0,0,0,0,0,0,0,0,0,0,0,0,0,0,0,0,0,0,0,0,0,0,0,0,0,0,0,0,0,0,0,0,0,0,0,0,0,0,0,0,0,0,0
79,1.837209302,3023,7,2.934217439,734,43369,3734,73.3,5571,8051,15.7,1.1,990,5.7,772,83485,16318,0,16,614,140,12440,73.3,0,0,2648,1,18,772,0,0,0.2,0.205761317,726,46,320,3,0,1,2880,2430,9,1,56,1
305,1.631016043,2944,30,0.434193506,464,34742,2764,48.2,4343,7184,17.1,1.5,710,6.2,739,71122,12209,1,9,602,125,18694,48.2,0,0,2306,1,18,739,0,0,0.2,0,696,42,260,3,30,5,2327,6870,8,1,47,1
57,3.5625,2639,2,21.5450908,456,34314,2719,77.1,4268,6989,16.9,1.5,700,6.2,801,70029,12066,0,51,576,172,11775,77.1,0,0,2490,1,23,797,4,0,0.2,0.340136054,763,38,165,3,0,1,2290,1470,0,1,36,1
196,2.041666667,2582,17,0.601871918,456,34274,2712,77.1,4258,6969,16.9,1.5,700,6.2,793,69950,12040,0,45,574,172,11773,77.1,0,0,2473,1,23,789,4,0,0.2,0,756,37,160,2,0,1,2285,570,0,1,22,0
221,3.564516129,2386,16,0.581932229,455,34148,2702,77.1,4236,6932,16.9,1.5,699,6.2,799,69698,11973,0,37,583,171,11719,77.1,0,0,2958,1,17,799,0,0,0.3,0.169491525,752,47,265,3,0,1,2272,7080,65,1,31,0
208,2.536585366,2165,12,0.962651154,475,34208,2748,75.8,4307,7130,17.2,1.8,719,6.1,183,70020,12028,0,5,116,55,11583,75.8,0,0,2119,1,17,183,0,0,0.2,0.315420561,142,41,160,3,0,1,2283,51360,79,1,36,1
137,2.795918367,1957,17,0.89991478,440,31561,2511,74.4,3931,6836,17.8,1.5,683,5.9,126,66062,11064,0,5,65,47,10922,74.4,0,0,1872,1,19,125,0,1,0.2,0.641562064,88,38,165,2,0,1,2063,7170,1,1,40,1
94,1.918367347,1820,13,1.55916708,435,30402,2428,73.1,3818,6659,18,1.1,680,5.7,213,64841,10766,0,5,113,91,10507,73.1,0,0,1481,1,20,212,0,1,0.2,0,111,102,428,3,0,1,2027,1230,4,1,39,1
2,1,1726,1,100,435,30279,2428,73.1,3817,6485,17.6,1.1,680,5.7,200,64843,10760,0,5,101,90,10507,73.1,0,0,1476,1,20,199,0,1,0.2,0,110,90,313,3,0,1,2028,20550,10,1,0,0
277,1.648809524,1724,21,0.567308255,432,30165,2418,73,3799,6450,17.6,1.2,677,5.7,200,64614,10684,0,5,101,90,10464,73,0,0,1476,1,20,199,0,1,0.2,0.129032258,110,90,313,3,0,1,2018,60450,10,1,44,1
34,1.172413793,1447,9,4.125286478,412,27717,2209,66.7,3459,6043,17.9,0.8,669,5.3,197,60541,9837,0,3,140,51,9873,66.7,0,0,1759,1,27,195,0,2,0.2,0,151,46,200,3,0,1,1848,9960,0,0,44,1
51,1.821428571,1413,11,3.256931072,413,27730,2210,66.8,3471,5993,17.8,1,669,5.3,197,60195,9840,0,3,140,51,9890,66.8,0,0,1759,1,50,195,0,2,0.2,0,151,46,200,3,0,1,1860,66330,0,0,39,1
103,2.641025641,1362,11,1.400896432,390,47805,2085,66.6,3318,6521,12,0.7,853,4,173,83166,9677,0,3,112,55,9477,66.6,0,0,1189,1,34,170,0,3,0.1,0,127,46,200,3,0,1,1785,265230,0,0,32,0
8,1.333333333,1259,3,22.05882353,389,47689,2076,66.4,3295,6465,11.9,0.7,852,3.9,173,82928,9620,0,3,112,55,9408,66.4,0,0,1189,1,34,170,0,3,0.1,0,127,46,200,3,0,1,1762,263970,0,0,37,1
18,6,1251,3,13.48314607,374,45549,2057,65.8,3274,6411,12.3,0.7,822,4.1,174,79772,9434,0,3,112,56,9177,65.8,0,0,1189,1,34,171,0,3,0.1,0,127,47,202,3,0,1,1743,178140,0,0,22,0
68,1.789473684,1233,15,2.164454842,332,40453,1852,64.9,3035,5913,12.8,0.8,773,4,284,72345,8752,0,9,115,59,8457,64.9,0,0,1779,1,16,279,0,5,0.1,0.081380208,228,49,212,3,0,1,1691,122880,0,0,44,1
7,3.5,1165,3,25.71428571,331,40428,1849,65,3029,5907,12.7,0.8,772,4,284,72300,8742,0,9,115,59,8443,65,0,0,1779,1,16,279,0,5,0.1,0.081879964,228,49,212,3,0,1,1688,122130,0,0,28,0
11,5.5,1158,4,13.75921376,331,40428,1849,65,3029,5907,12.7,0.8,772,4,284,72298,8742,0,9,115,59,8443,65,0,0,1779,1,16,279,0,5,0.1,0.075041273,228,49,212,3,0,1,1688,133260,0,0,54,1
66,2.357142857,1147,17,2.135022422,300,38385,1667,53.1,2733,5291,12.1,0.8,725,3.8,333,68152,8047,0,9,105,70,7557,53.1,0,0,2172,1,12,326,0,7,0.2,0,274,55,227,3,0,1,1557,157200,0,0,37,1
14,2.8,1081,4,16.32653061,300,38325,1667,53.1,2733,5304,12.2,0.8,725,3.8,333,68102,8032,0,9,105,70,7536,53.1,0,0,2172,1,12,326,0,7,0.2,0,274,55,227,3,0,1,1554,167340,0,0,64,1
19,1.9,1067,3,26.72064777,297,38168,1662,52.7,2722,5281,12.2,0.8,722,3.8,333,67844,7968,0,9,105,70,7467,52.7,0,0,2172,1,12,326,0,7,0.2,0.013290803,274,55,227,3,0,1,1548,225720,0,0,47,1
39,1.695652174,1048,7,4.812249362,281,34448,1570,51.5,2580,5008,12.7,0.9,687,3.8,201,61980,7623,0,8,28,16,7168,51.5,0,0,1792,1,9,194,0,7,0.2,0.018559762,198,0,0,1,0,1,1498,161640,0,0,25,0
2,2,1009,1,100,281,34448,1570,51.5,2580,5008,12.7,0.9,687,3.8,201,61980,7623,0,8,28,16,7168,51.5,0,0,1792,1,9,194,0,7,0.2,0.018559762,198,0,0,1,0,1,1498,161640,0,0,50,1
43,2.263157895,1007,4,7.326576854,255,31777,1507,49.5,2453,4716,12.9,0.9,638,3.9,218,57863,7180,0,169,28,17,6735,49.5,0,0,1894,1,8,211,0,7,0.2,0,215,0,0,1,0,1,1352,108690,0,0,37,1
26,3.25,964,5,8.01137546,250,30084,1467,52.4,2390,4582,13.2,0.9,615,4,218,55542,6983,0,169,28,17,6579,52.4,0,0,1894,1,5,211,0,7,0.2,0,215,0,0,1,0,1,1313,62640,0,0,46,1
34,2.428571429,938,6,6.533127576,248,29528,1425,51.7,2344,4563,13.4,1,616,3.9,215,54636,6862,0,166,28,17,6497,51.7,0,0,1890,1,5,208,0,7,0.2,0.100502513,215,0,0,1,0,1,1302,59700,0,0,61,1
12,6,904,6,11.9047619,248,29512,1425,50.1,2342,4561,13.4,1,616,3.9,221,54615,6855,0,166,32,19,6493,50.1,0,0,1900,1,1,214,0,7,0.2,0.102933608,217,4,4,3,0,1,1298,58290,0,0,16,0
53,1.65625,892,12,2.455199474,242,25942,1288,42.7,2172,4146,13.8,1.1,590,3.7,68,49518,6359,0,8,33,18,7033,42.7,0,0,1252,1,1,61,0,7,0.2,0.145697972,68,0,0,1,0,1,1232,50790,0,0,54,1
9,1125,839,2,49.38271605,243,25840,1289,42.6,2168,4148,13.8,1.1,591,3.7,67,49432,6264,0,8,33,17,7024,42.6,0,0,1247,1,1,60,0,7,0.2,0.173913043,67,0,0,1,0,1,1233,48300,0,0,55,1
29,2.071428571,830,5,10.58423285,242,25183,1284,42.4,2123,4119,14.1,1.2,580,3.7,62,48553,6148,0,6,32,16,6892,42.4,0,0,1191,1,1,55,0,7,0.2,0.168208579,62,0,0,1,0,1,1173,35670,0,0,31,0
42,2.470588235,801,11,3.813906575,224,24577,1238,41.9,2043,3967,13.9,1.2,556,3.7,56,47267,5895,0,6,29,14,6631,41.9,0,0,1166,1,1,49,0,7,0.2,0.159208983,56,0,0,1,0,1,1128,59670,0,0,35,1
34,3.4,759,7,5.256570713,223,24374,1231,40.4,2008,3937,13.9,1.2,554,3.6,54,46953,5814,0,7,26,14,6536,40.4,0,0,1148,1,1,47,0,7,0.2,0.086805556,54,0,0,1,0,1,1092,115200,0,0,32,0
47,2.764705882,725,9,3.330249769,217,23569,1180,37.1,1883,3776,13.8,1.3,545,3.5,69,45460,5495,0,6,47,10,6212,37.1,0,0,1579,1,1,60,0,9,0.2,0.101496422,69,0,0,1,0,1,1011,230550,0,0,34,1
0,0,678,0,0,0,0,0,0,0,0,0,0,0,0,0,0,0,0,0,0,0,0,0,0,0,0,0,0,0,0,0,0,0,0,0,0,0,0,0,0,0,0,0,0,0
158,5.642857143,12718,9,2.094585969,1412,93970,11653,0,19828,4170,4.2,6.4,1182,16.8,261,154340,38353,0,134,77,34,0,0,0,0,5243,1,18,261,0,0,0.2,0.017271157,261,0,0,1,0,1,14390,5790,0,1,63,1
660,3.28358209,12560,29,0.295749812,1406,93280,11564,0,19681,4131,4.2,6.5,1177,16.7,271,153290,38102,0,134,81,39,0,0,0,0,5267,1,18,271,0,0,0.2,0.46336519,271,0,0,1,0,1,14256,34530,0,1,55,1
0,0,11900,0,0,0,0,0,0,0,0,0,0,0,0,0,0,0,0,0,0,0,0,0,0,0,0,0,0,0,0,0,0,0,0,0,0,0,0,0,0,0,0,0,0,0
59,5.9,11900,8,3.629865606,1398,90629,11283,0,18994,3837,4.1,5.1,1169,16.3,293,149471,36847,0,130,97,52,0,0,0,0,5662,1,18,293,0,0,0.2,0.366132723,293,0,0,1,0,1,13618,13110,0,1,61,1
172,4.526315789,11841,16,1.089251449,1398,90539,11275,0,18975,3833,4.1,5.2,1169,16.2,292,149369,36818,0,130,97,51,0,0,0,0,5642,1,18,292,0,0,0.2,0.15503876,292,0,0,1,0,1,13595,18060,0,1,50,1
94,13.42857143,11669,9,2.614189238,1388,89776,11224,0,18856,3884,4.1,5.2,1162,16.2,383,148431,36508,1,130,121,49,0,0,0,0,6493,1,18,383,0,0,0.2,0.082348729,383,0,0,1,0,1,13506,83790,0,1,65,1
90,6.923076923,11575,13,1.805903331,1384,89440,11186,0,18799,3876,4.2,5.2,1159,16.2,383,147954,36379,1,132,119,48,0,0,0,0,6523,1,18,383,0,0,0.2,0.100783875,383,0,0,1,0,1,13448,107160,0,1,61,1
1214,4.00660066,11485,48,0.162292813,1384,89444,11186,0,18814,3876,4.2,5.2,1159,16.2,383,147961,36383,1,132,119,48,0,0,0,0,6523,1,18,383,0,0,0.2,0.107719928,383,0,0,1,0,1,13460,100260,0,1,52,1
2,2,10271,1,100,1297,83888,10324,0,17592,3335,3.8,5.2,1092,16.1,680,138672,34514,1,176,341,79,0,0,0,0,13220,1,3,680,0,0,0.5,0,620,22,660,3,570,2,12954,3960,0,1,50,1
41,1.205882353,10269,10,4.451451359,1297,83849,10322,0,17583,3333,3.8,5.2,1092,16.1,680,138626,34493,1,176,341,79,0,0,0,0,13220,1,3,680,0,0,0.5,0,620,22,660,3,570,2,12929,4770,0,1,46,1
100,2.380952381,10228,13,2.212739131,1293,83480,10264,0,17485,3299,3.8,5.2,1089,16.1,628,138048,34358,1,149,317,79,0,0,0,0,12738,1,3,628,0,0,0.5,1.029295329,590,0,0,1,570,2,12877,12630,0,1,47,1
56,3.733333333,10128,11,3.198378783,1293,83443,10258,0,17472,3289,3.8,5.2,1089,16.1,638,137981,34343,1,149,326,80,0,0,0,0,12815,1,3,638,0,0,0.5,0.75971538,598,2,30,3,570,2,12877,91350,0,1,64,1
226,8.692307692,10072,13,1.345340615,1294,83455,10271,0,17486,3272,3.8,5.2,1090,16.1,630,137994,34331,1,149,328,82,0,0,0,0,12719,1,3,630,0,0,0.5,0.646532438,590,2,30,3,570,2,12872,89400,0,1,68,2
882,3.753191489,9846,49,0.241631437,1293,84136,10326,0,17681,3328,3.8,8.7,1091,16.2,1204,138900,34740,1,384,463,311,0,0,0,0,21895,1,3,1204,0,0,0.9,1.429997149,1137,28,720,3,575,4,13086,70140,0,1,57,1
0,0,8964,0,0,0,0,0,0,0,0,0,0,0,0,0,0,0,0,0,0,0,0,0,0,0,0,0,0,0,0,0,0,0,0,0,0,0,0,0,0,0,0,0,0,0
117,3.65625,8964,15,1.618143201,1262,83527,10156,0,17582,4182,4.8,9,1067,16.5,1049,138746,34750,1,382,476,174,0,0,0,0,21944,1,3,1049,0,0,0.9,0.859106529,986,30,745,3,495,2,13259,8730,0,0,64,1
50,3.333333333,8847,10,4.270706456,1262,83463,10150,0,17565,4195,4.8,9.6,1067,16.5,1050,130204,34720,1,382,477,174,0,0,0,0,21899,1,3,1050,0,0,0.9,0.377041306,987,30,745,3,495,2,13245,41640,0,0,48,1
59,4.214285714,8797,8,3.221969001,1262,83426,10143,0,17558,4198,4.8,9.6,1067,16.5,1047,130154,34706,1,382,475,173,0,0,0,0,21865,1,3,1047,0,0,0.9,0.336203362,984,30,745,3,495,2,13247,48780,0,0,55,1
18,9,8738,4,14.10934744,1262,83420,10143,0,17553,4198,4.8,9.6,1067,16.5,1047,130146,34702,1,382,475,173,0,0,0,0,21865,1,3,1047,0,0,0.9,0.338493292,984,30,745,3,495,2,13244,48450,0,0,61,1
0,0,8720,0,0,0,0,0,0,0,0,0,0,0,0,0,0,0,0,0,0,0,0,0,0,0,0,0,0,0,0,0,0,0,0,0,0,0,0,0,0,0,0,0,0,0
121,1.21,3371,2,41.80042347,623,102312,4602,50.5,9395,5782,5.3,0.4,741,14.2,372,128317,19495,35,115,154,54,24738,55.1,7862,36.2,8853,1,850,372,0,0,0.3,0,365,6,65,3,30,5,5760,3150,0,1,28,0
85,0.634328358,3250,3,2.910475255,609,100572,4581,50.6,9382,5735,5.4,0.4,727,14.5,370,126100,19469,34,110,149,63,24687,55.2,7880,36.2,8780,1,848,370,0,0,0.3,9.286592866,353,5,60,3,360,2,5810,32520,0,1,51,1
132,1.404255319,3165,3,4.123978732,600,99482,4500,50.3,9242,5697,5.4,0.3,715,14.5,411,124675,19188,34,135,140,88,24334,54.9,7804,35.9,5957,1,843,411,0,0,0.2,0.092272203,406,5,60,3,0,1,5797,26010,3,1,43,1
135,1.849315068,3033,2,7.133058985,591,102550,5230,0,10821,5877,5.4,0.3,737,16.4,490,127627,22556,38,135,203,95,27233,0,0,0,5356,1,1045,490,0,0,0.2,0.141342756,485,5,60,4,0,1,7359,42450,0,1,45,1
64,1.939393939,2898,2,26.3671875,583,101336,5128,45.7,10595,5856,5.5,0.4,727,16.2,1369,126154,22332,40,390,359,269,27100,48.6,7612,35.6,31696,1,673,1369,0,0,1,0.174978128,1362,4,40,4,90,2,7226,34290,0,1,63,1
37,0.493333333,2834,2,10.22644266,583,100403,5128,45.8,10595,5837,5.5,0.4,726,16.2,1149,125293,22332,40,214,325,259,27100,48.6,7612,35.8,15417,1,754,1149,0,0,0.5,2.777777778,1145,4,40,4,0,1,7226,720,0,1,51,1
159,3.533333333,2797,5,1.412387673,583,100191,5117,45,10554,5832,5.5,0.3,726,16.2,1134,125064,22222,40,207,318,259,26989,47.9,7562,34.8,14123,1,760,1134,0,0,0.5,0.324825014,1131,3,30,3,0,1,7133,238590,2,1,46,1
250,1.923076923,2638,4,0.777832402,618,102116,5280,42,10869,5849,5.4,0.4,753,15.9,811,127705,23308,41,200,314,237,28384,44.7,7912,32.2,12738,1,765,811,0,0,0.4,4.7514518,799,12,99,3,0,1,7411,86100,1,1,50,1
98,0.640522876,2388,1,100,621,100157,5240,41.9,10669,5815,5.5,0.4,758,15.5,938,125744,22674,43,348,289,242,27614,45,7996,31.5,8978,1,425,938,0,0,0.3,0,915,23,220,4,0,1,7017,1530,0,1,51,1
0,0,2290,0,0,0,0,0,0,0,0,0,0,0,0,0,0,0,0,0,0,0,0,0,0,0,0,0,0,0,0,0,0,0,0,0,0,0,0,0,0,0,0,0,0,0
45,0.115089514,719,3,8.595041322,1472,379572,10458,0.8,19994,65427,14.7,9.5,2862,13.3,12053,511882,52796,157,4634,3946,3096,60234,0.7,1892,3.7,75013,1,0,12053,0,0,0.7,0,10974,451,6139,5,7983,5,16348,0,189,5,93,2
6,0.428571429,674,3,22.22222222,1472,379572,10458,0.8,19994,65427,14.7,9.5,2861,13.3,11883,511790,52796,191,4607,3902,2978,60217,0.7,1892,3.7,73225,1,0,11883,0,0,0.6,0,10806,434,6219,5,8478,5,16348,0,163,1,66,1
17,0.186813187,668,5,11.02941176,1472,379572,10458,0.8,19994,65427,14.7,9.5,2861,13.3,11883,511790,52796,191,4607,3902,2978,60217,0.7,1892,3.7,73225,1,0,11883,0,0,0.6,0,10806,434,6219,5,8478,5,16348,1530,174,1,41,1
4,0.173913043,651,2,37.5,1472,379577,10458,0.8,19994,65428,14.7,9.5,2861,13.3,11598,511795,52796,179,4590,3580,3044,60217,0.7,1892,3.7,71589,1,0,11598,0,0,0.6,1.77148847,10455,432,6219,5,8838,5,16348,9540,90,1,50,1
15,1875,647,7,8.615384615,1472,379578,10458,0.8,19994,65428,14.7,9.5,2861,13.3,11575,511795,52797,165,4590,3565,3050,60216,0.7,1892,3.7,71479,1,0,11575,0,0,0.6,1.64556962,10447,421,6074,5,8778,5,16348,9480,90,1,40,1
0,0,632,0,0,0,0,0,0,0,0,0,0,0,0,0,0,0,0,0,0,0,0,0,0,0,0,0,0,0,0,0,0,0,0,0,0,0,0,0,0,0,0,0,0,0
1375,7.857142857,48781,30,0.227570725,8921,768905,78753,26.7,134487,131178,14.6,8.2,8365,17.8,43995,1359155,273599,787,4404,13278,24800,331426,26.2,83020,28.3,371914,1,0,43995,0,0,1.6,0.94639866,40321,2765,21919,5,15942,5,84864,59700,370,5,24,0
745,3.941798942,47406,26,0.546748632,8760,753925,77215,26.5,131795,130072,14.7,7.9,8265,17.6,56772,1337486,268167,760,4322,13009,24123,324837,26.1,81226,28,360274,1,0,56772,0,0,1.6,0.802603037,53252,2721,20981,5,12882,5,83262,13830,369,5,29,0
1778,6.047619048,46661,29,0.232471361,8653,743145,75919,26.2,129672,129400,14.8,8.2,8160,17.5,44437,1320642,264867,772,4289,12786,25862,320302,25.8,80079,27.8,375958,1,0,44437,0,0,1.7,0.606375606,40961,2657,20291,5,13115,5,82219,28860,286,1,28,0
828,5.830985915,44883,18,0.65770756,7799,626300,62368,28.9,105626,111712,15.1,5.2,7726,15.1,39913,1150350,218101,727,4107,11492,22892,265134,29.4,76824,27.4,329756,1,1,39913,0,0,1.8,0.609615827,36266,2600,18724,5,16530,5,66577,43470,405,1,30,0
0,0,44055,0,0,0,0,0,0,0,0,0,0,0,0,0,0,0,0,0,0,0,0,0,0,0,0,0,0,0,0,0,0,0,0,0,0,0,0,0,0,0,0,0,0,0
385,0.736137667,2082,32,0.415934212,476,234387,5827,66.7,15600,13159,5.3,19.7,550,30.5,10411,285342,52164,39,3258,4052,3001,42967,66.7,0,0,102992,1,0,10411,0,0,1.5,2.50926718,10334,77,1002,5,0,1,17017,35070,43,5,67,2
28,1.555555556,33494,5,9.301659989,611,96588,7513,84.6,16064,15350,13.7,0.1,1022,19.1,1863,138027,127098,0,1419,358,13,43721,84.8,160,28.1,24670,1,120,1851,12,0,0.9,0.938215103,1863,0,0,1,0,1,12295,26220,0,1,42,1
11,11,33466,2,29.75206612,611,96886,7552,84.4,16128,15410,13.7,0.1,1022,19.2,1867,138408,127191,0,1420,359,15,43860,84.6,160,28.1,24711,1,120,1855,12,0,0.9,1.065117405,1867,0,0,1,0,1,12304,41310,0,1,54,1
270,3.176470588,33455,9,1.874811193,611,96844,7544,84.5,16120,15400,13.7,0.1,1022,19.1,1869,138357,127180,0,1421,359,15,43838,84.7,160,28.1,24726,1,120,1857,12,0,0.9,0.787503227,1869,0,0,1,0,1,12304,38730,0,1,42,1
729,6.813084112,33185,7,1.808458128,596,95596,7450,83.8,16000,15016,13.6,0.1,1007,19.3,1929,136188,125644,0,1414,427,11,42888,83.9,110,22.7,25142,1,124,1917,12,0,0.9,0.709623079,1929,0,0,1,0,1,12272,47490,0,1,37,1
754,7.32038835,32456,12,0.53832036,566,92419,7087,82.2,15457,14345,13.4,0.2,973,19.4,2309,131258,105788,2,1465,743,11,41616,82.3,110,22.7,28692,1,128,2296,13,0,1,2.425287356,2309,0,0,1,0,1,12244,130500,0,1,43,1
17,17,31702,3,33.08823529,562,93134,7123,81.7,15701,14556,13.5,0.2,1000,19.3,2488,132784,103791,2,1624,754,13,41853,81.8,110,22.7,30898,1,131,2462,26,0,1.1,0.960611405,2488,0,0,1,0,1,12461,85050,0,1,35,1
1256,3.96214511,31685,18,0.188027519,562,93134,7123,81.7,15701,14556,13.5,0.2,1000,19.3,2488,132784,103791,2,1624,754,13,41853,81.8,110,22.7,30898,1,131,2462,26,0,1.1,0.960611405,2488,0,0,1,0,1,12461,85050,0,1,43,1
0,0,30429,0,0,0,0,0,0,0,0,0,0,0,0,0,0,0,0,0,0,0,0,0,0,0,0,0,0,0,0,0,0,0,0,0,0,0,0,0,0,0,0,0,0,0
0,0,4847,0,0,1114,164078,10530,2.1,18505,15088,8.4,2.5,1689,12.6,4331,242817,39312,42,247,2687,1295,46475,1.7,6418,4.8,25705,1,7,4331,0,0,0.5,0.079373442,2980,1299,4244,3,1290,5,11356,284730,22,5,0,0
0,0,4847,0,0,1114,164078,10530,2.1,18505,15088,8.4,2.5,1689,12.6,4331,242817,39312,42,247,2687,1295,46475,1.7,6418,4.8,25705,1,7,4331,0,0,0.5,0.079373442,2980,1299,4244,3,1290,5,11356,284730,22,5,0,0
0,0,4847,0,0,1114,164078,10530,2.1,18505,15088,8.4,2.5,1689,12.6,4331,242817,39312,42,247,2687,1295,46475,1.7,6418,4.8,25705,1,7,4331,0,0,0.5,0.079373442,2980,1299,4244,3,1290,5,11356,284730,22,5,0,0
0,0,4847,0,0,1114,164074,10530,2.1,18505,15088,8.4,2.5,1689,12.6,4331,242812,39309,42,247,2687,1295,46473,1.7,6418,4.8,25705,1,7,4331,0,0,0.5,0.079406908,2980,1299,4244,3,1290,5,11355,284610,22,5,0,0
2,0.5,4847,1,100,1114,164077,10531,2.1,18506,15088,8.4,2.5,1689,12.6,4331,242816,39310,42,247,2687,1295,46474,1.7,6418,4.8,25705,1,7,4331,0,0,0.5,0.079432026,2980,1299,4244,3,1290,5,11355,284520,22,5,50,1
6,1.5,4845,5,18.51851852,1113,163996,10525,2.1,18494,15085,8.4,2.5,1688,12.6,4331,242698,39269,42,247,2687,1295,46451,1.7,6418,4.8,25703,1,7,4331,0,0,0.5,0.079483358,2980,1299,4244,3,1290,5,11346,281820,22,5,66,1
3,0.428571429,4839,3,33.33333333,1113,163990,10525,2.1,18494,15085,8.4,2.5,1688,12.6,4331,242688,39269,42,247,2687,1295,46451,1.7,6418,4.8,25703,1,7,4331,0,0,0.5,0.079551104,2980,1299,4244,3,1290,5,11346,281580,22,5,66,1
0,0,4836,0,0,1113,163990,10525,2.1,18494,15085,8.4,2.5,1688,12.6,4331,242688,39269,42,247,2687,1295,46451,1.7,6418,4.8,25703,1,7,4331,0,0,0.5,0.079551104,2980,1299,4244,3,1290,5,11346,281580,22,5,0,0
1,0.142857143,4836,1,100,1113,163990,10525,2.1,18494,15085,8.4,2.5,1688,12.6,4331,242688,39269,42,247,2687,1295,46451,1.7,6418,4.8,25703,1,7,4331,0,0,0.5,0.079551104,2980,1299,4244,3,1290,5,11346,281580,22,5,100,2
0,0,4835,0,0,1113,163990,10525,2.1,18494,15085,8.4,2.5,1688,12.6,4331,242688,39269,42,247,2687,1295,46451,1.7,6418,4.8,25703,1,7,4331,0,0,0.5,0.079551104,2980,1299,4244,3,1290,5,11346,281580,22,5,0,0
2,0.5,4835,2,50,1113,163990,10525,2.1,18494,15085,8.4,2.5,1688,12.6,4331,242688,39269,42,247,2687,1295,46451,1.7,6418,4.8,25703,1,7,4331,0,0,0.5,0.079551104,2980,1299,4244,3,1290,5,11346,281580,22,5,100,2
0,0,4833,0,0,1113,163990,10525,2.1,18494,15085,8.4,2.5,1688,12.6,4331,242688,39269,42,247,2687,1295,46451,1.7,6418,4.8,25703,1,7,4331,0,0,0.5,0.079551104,2980,1299,4244,3,1290,5,11346,281580,22,5,0,0
0,0,4833,0,0,1113,163990,10525,2.1,18494,15085,8.4,2.5,1688,12.6,4331,242688,39269,42,247,2687,1295,46451,1.7,6418,4.8,25703,1,7,4331,0,0,0.5,0.079551104,2980,1299,4244,3,1290,5,11346,281580,22,5,0,0
0,0,4833,0,0,1113,163990,10525,2.1,18494,15085,8.4,2.5,1688,12.6,4331,242688,39269,42,247,2687,1295,46451,1.7,6418,4.8,25703,1,7,4331,0,0,0.5,0.079551104,2980,1299,4244,3,1290,5,11346,281580,22,5,0,0
0,0,4833,0,0,1113,163990,10525,2.1,18494,15085,8.4,2.5,1688,12.6,4331,242688,39269,42,247,2687,1295,46451,1.7,6418,4.8,25703,1,7,4331,0,0,0.5,0.079551104,2980,1299,4244,3,1290,5,11346,281580,22,5,0,0
3,0.75,4833,2,44.44444444,1113,163985,10525,2.1,18493,15085,8.4,2.5,1688,12.6,4334,242681,39267,42,247,2687,1298,46449,1.7,6418,4.8,25700,1,7,4334,0,0,0.5,0.076775432,2980,1302,4250,3,1290,5,11343,281340,22,5,100,2
3,1,4830,2,44.44444444,1113,163927,10524,2.1,18475,15057,8.4,2.5,1688,12.6,4337,242587,39249,42,247,2690,1298,46415,1.7,6408,4.8,25715,1,7,4337,0,0,0.5,0.077661525,2983,1302,4250,3,1290,5,11335,278130,22,5,66,1
4,1,4827,1,100,1113,163929,10524,2.1,18475,15057,8.4,2.5,1688,12.6,4337,242589,39251,42,247,2690,1298,46417,1.7,6408,4.8,25715,1,7,4337,0,0,0.5,0.077678282,2983,1302,4250,3,1290,5,11335,278070,22,5,50,1
2,0.285714286,4823,2,50,1113,163877,10524,2.1,18476,15060,8.4,2.5,1688,12.6,4338,242537,39268,42,247,2691,1298,46401,1.7,6410,4.8,25720,1,7,4338,0,0,0.5,0.080160321,2984,1302,4250,3,1290,5,11334,269460,22,5,0,0
1,0.333333333,4821,1,100,1113,163877,10524,2.1,18476,15060,8.4,2.5,1688,12.6,4338,242537,39268,42,247,2691,1298,46401,1.7,6410,4.8,25720,1,7,4338,0,0,0.5,0.080160321,2984,1302,4250,3,1290,5,11334,269460,22,5,0,0
2,0.5,4820,1,100,1113,163824,10522,2.1,18469,15056,8.4,2.5,1688,12.6,4338,242472,39249,42,247,2691,1298,46372,1.7,6400,4.8,25720,1,7,4338,0,0,0.5,0.080799012,2984,1302,4250,3,1290,5,11331,267330,22,5,50,1
1,0.333333333,4818,1,100,1113,163824,10522,2.1,18469,15056,8.4,2.5,1688,12.6,4338,242472,39249,42,247,2691,1298,46372,1.7,6400,4.8,25720,1,7,4338,0,0,0.5,0.080799012,2984,1302,4250,3,1290,5,11331,267330,22,5,0,0
1,0.25,4817,1,100,1113,163772,10520,2.1,18458,15055,8.4,2.5,1688,12.6,4340,242418,39229,42,247,2691,1300,46353,1.7,6400,4.8,25750,1,7,4340,0,0,0.5,0.081967213,2986,1302,4250,3,1290,5,11319,263520,22,5,100,2
1,1,4816,1,100,1113,163772,10520,2.1,18458,15055,8.4,2.5,1688,12.6,4340,242418,39229,42,247,2691,1300,46353,1.7,6400,4.8,25750,1,7,4340,0,0,0.5,0.081967213,2986,1302,4250,3,1290,5,11319,263520,22,5,0,0
2,2,4815,2,50,1113,163772,10520,2.1,18458,15055,8.4,2.5,1688,12.6,4340,242418,39229,42,247,2691,1300,46353,1.7,6400,4.8,25750,1,7,4340,0,0,0.5,0.081967213,2986,1302,4250,3,1290,5,11319,263520,22,5,50,1
0,0,4813,0,0,1113,163774,10520,2.1,18458,15055,8.4,2.5,1688,12.6,4342,242420,39229,42,249,2691,1300,46355,1.7,6400,4.8,25760,1,7,4342,0,0,0.5,0.082041933,2988,1302,4250,3,1290,5,11319,263280,22,5,0,0
1,0.25,4813,1,100,1111,163405,10502,2.1,18397,15023,8.4,2.5,1685,12.6,4342,241896,39115,42,249,2691,1300,46219,1.7,6380,4.8,25759,1,7,4342,0,0,0.5,0.085674437,2988,1302,4250,3,1290,5,11283,250950,22,5,100,2
3,1,4812,2,44.44444444,1111,163398,10502,2.1,18397,15023,8.4,2.5,1685,12.6,4345,241889,39112,42,249,2691,1303,46216,1.7,6382,4.8,25759,1,7,4345,0,0,0.5,0.08632458,2988,1305,4259,3,1290,5,11283,249060,22,5,66,1
1,0.25,4809,1,100,1111,163398,10502,2.1,18397,15023,8.4,2.5,1685,12.6,4345,241889,39112,42,249,2691,1303,46216,1.7,6382,4.8,25759,1,7,4345,0,0,0.5,0.08632458,2988,1305,4259,3,1290,5,11283,249060,22,5,100,2
2,2,4808,2,50,1111,163151,10486,2.1,18359,15023,8.4,2.5,1684,12.6,4349,241568,39020,42,249,2693,1305,46113,1.7,6376,4.8,25752,1,7,4349,0,0,0.5,0.087091236,2988,1309,4269,3,1290,5,11237,238830,22,5,50,1
2,2,4806,1,100,1111,163151,10486,2.1,18359,15023,8.4,2.5,1684,12.6,4349,241568,39020,42,249,2693,1305,46113,1.7,6376,4.8,25752,1,7,4349,0,0,0.5,0.087091236,2988,1309,4269,3,1290,5,11237,238830,22,5,0,0
0,0,4804,0,0,1111,163101,10486,2.1,18337,15022,8.4,2.5,1684,12.6,4349,241516,38994,42,249,2693,1305,46070,1.7,6376,4.8,25752,1,7,4349,0,0,0.5,0.0877415,2988,1309,4269,3,1290,5,11232,237060,22,5,0,0
4,1,4804,3,30,1111,163101,10486,2.1,18337,15022,8.4,2.5,1684,12.6,4349,241516,38994,42,249,2693,1305,46070,1.7,6376,4.8,25752,1,7,4349,0,0,0.5,0.0877415,2988,1309,4269,3,1290,5,11232,237060,22,5,75,2
2,0.666666667,4800,2,50,1110,163026,10483,2.1,18327,15020,8.4,2.5,1683,12.6,4349,241406,38964,42,249,2693,1305,46034,1.7,6376,4.8,25752,1,7,4349,0,0,0.5,0.088729631,2988,1309,4269,3,1290,5,11228,234420,22,5,0,0
0,0,4798,0,0,1110,163026,10483,2.1,18327,15020,8.4,2.5,1683,12.6,4349,241406,38964,42,249,2693,1305,46034,1.7,6376,4.8,25752,1,7,4349,0,0,0.5,0.088729631,2988,1309,4269,3,1290,5,11228,234420,22,5,0,0
2,1,4798,2,50,1110,163026,10483,2.1,18327,15020,8.4,2.5,1683,12.6,4352,241406,38964,42,249,2693,1308,46034,1.7,6376,4.8,25746,1,7,4352,0,0,0.5,0.088729631,2991,1309,4269,3,1290,5,11228,234420,22,5,100,2
2,1,4796,2,50,1110,163026,10483,2.1,18327,15020,8.4,2.5,1683,12.6,4352,241406,38964,42,249,2693,1308,46034,1.7,6376,4.8,25746,1,7,4352,0,0,0.5,0.088729631,2991,1309,4269,3,1290,5,11228,234420,22,5,50,1
0,0,4794,0,0,1110,163026,10483,2.1,18327,15020,8.4,2.5,1683,12.6,4352,241406,38964,42,249,2693,1308,46034,1.7,6376,4.8,25746,1,7,4352,0,0,0.5,0.088729631,2991,1309,4269,3,1290,5,11228,234420,22,5,0,0
0,0,4794,0,0,1110,163026,10483,2.1,18327,15020,8.4,2.5,1683,12.6,4352,241406,38964,42,249,2693,1308,46034,1.7,6376,4.8,25746,1,7,4352,0,0,0.5,0.088729631,2991,1309,4269,3,1290,5,11228,234420,22,5,0,0
0,0,4794,0,0,1110,163026,10483,2.1,18327,15020,8.4,2.5,1683,12.6,4352,241406,38964,42,249,2693,1308,46034,1.7,6376,4.8,25746,1,7,4352,0,0,0.5,0.088729631,2991,1309,4269,3,1290,5,11228,234420,22,5,0,0
0,0,4794,0,0,1110,163026,10483,2.1,18327,15020,8.4,2.5,1683,12.6,4352,241406,38964,42,249,2693,1308,46034,1.7,6376,4.8,25746,1,7,4352,0,0,0.5,0.088729631,2991,1309,4269,3,1290,5,11228,234420,22,5,0,0
2,0.666666667,4794,2,50,1110,163026,10483,2.1,18327,15020,8.4,2.5,1683,12.6,4352,241406,38964,42,249,2693,1308,46034,1.7,6376,4.8,25746,1,7,4352,0,0,0.5,0.088729631,2991,1309,4269,3,1290,5,11228,234420,22,5,50,1
1,0.2,4792,1,100,1110,163026,10483,2.1,18327,15020,8.4,2.5,1683,12.6,4352,241406,38964,42,249,2693,1308,46034,1.7,6376,4.8,25746,1,7,4352,0,0,0.5,0.088729631,2991,1309,4269,3,1290,5,11228,234420,22,5,0,0
1,0.5,4791,1,100,1110,163026,10483,2.1,18327,15020,8.4,2.5,1683,12.6,4352,241406,38964,42,249,2693,1308,46034,1.7,6376,4.8,25746,1,7,4352,0,0,0.5,0.088752347,2991,1309,4269,3,1290,5,11228,234360,22,5,0,0
0,0,4790,0,0,1110,163026,10483,2.1,18327,15020,8.4,2.5,1683,12.6,4352,241406,38964,42,249,2693,1308,46034,1.7,6376,4.8,25746,1,7,4352,0,0,0.5,0.088752347,2991,1309,4269,3,1290,5,11228,234360,22,5,0,0
0,0,4790,0,0,1110,163026,10483,2.1,18327,15020,8.4,2.5,1683,12.6,4352,241406,38964,42,249,2693,1308,46034,1.7,6376,4.8,25746,1,7,4352,0,0,0.5,0.088752347,2991,1309,4269,3,1290,5,11228,234360,22,5,0,0
0,0,4790,0,0,1110,163026,10483,2.1,18327,15020,8.4,2.5,1683,12.6,4355,241406,38964,44,249,2694,1308,46034,1.7,6376,4.8,26016,1,5,4355,0,0,0.5,0.20395972,2992,1309,4269,3,1350,5,11228,234360,22,5,0,0
6,1,4790,4,22.22222222,1108,162964,10478,2.1,18314,15017,8.4,2.5,1681,12.6,4357,241297,38939,42,250,2696,1309,46006,1.7,6362,4.8,25839,1,5,4357,0,0,0.5,0.08983329,2996,1309,4269,3,1290,5,11213,231540,21,5,83,2
0,0,4784,0,0,1108,162974,10482,2.1,18323,15018,8.4,2.5,1681,12.6,4363,241310,38942,42,253,2697,1311,46008,1.7,6368,4.8,25890,1,5,4363,0,0,0.5,0.090726686,3002,1309,4269,3,1290,5,11215,229260,22,5,0,0
0,0,4784,0,0,1108,162974,10482,2.1,18323,15018,8.4,2.5,1681,12.6,4364,241310,38942,42,254,2698,1310,46008,1.7,6368,4.8,25900,1,5,4364,0,0,0.5,0.090726686,3003,1309,4269,3,1290,5,11215,229260,21,5,0,0
3,0.6,4784,2,44.44444444,1108,162978,10482,0,18326,15018,8.4,2.5,1681,12.6,4364,241314,38951,42,254,2698,1310,46468,0,0,0,25900,1,5,4364,0,0,0.5,0.090845563,3003,1309,4269,3,1290,5,11221,228960,21,5,100,2
0,0,4781,0,0,1108,162978,10482,0,18326,15018,8.4,2.5,1681,12.6,4364,241314,38951,42,254,2698,1310,46468,0,0,0,25900,1,5,4364,0,0,0.5,0.090845563,3003,1309,4269,3,1290,5,11221,228960,21,5,0,0
0,0,4781,0,0,1108,162978,10482,0,18326,15018,8.4,2.5,1681,12.6,4368,241314,38951,42,254,2698,1314,46468,0,0,0,25940,1,5,4368,0,0,0.5,0.090845563,3007,1309,4269,3,1290,5,11221,228960,21,5,0,0
0,0,4781,0,0,1108,162978,10482,0,18326,15018,8.4,2.5,1681,12.6,4368,241314,38951,42,254,2698,1314,46468,0,0,0,25940,1,5,4368,0,0,0.5,0.090845563,3007,1309,4269,3,1290,5,11221,228960,21,5,0,0
1,1,4781,1,100,1108,162978,10482,0,18326,15018,8.4,2.5,1681,12.6,4368,241314,38951,42,254,2698,1314,46468,0,0,0,25940,1,5,4368,0,0,0.5,0.090845563,3007,1309,4269,3,1290,5,11221,228960,21,5,100,2
3,0.5,4780,2,44.44444444,1108,162978,10482,0,18326,15018,8.4,2.5,1681,12.6,4368,241314,38951,42,254,2698,1314,46468,0,0,0,25940,1,5,4368,0,0,0.5,0.090857467,3007,1309,4269,3,1290,5,11221,228930,21,5,100,2
2,2,4777,1,100,1108,162975,10482,0,18325,15017,8.4,2.5,1681,12.6,4368,241309,38949,42,254,2698,1314,46466,0,0,0,25940,1,5,4368,0,0,0.5,0.090988626,3007,1309,4269,3,1290,5,11219,228600,21,5,50,1
0,0,4775,0,0,1108,162975,10482,0,18325,15017,8.4,2.5,1681,12.6,4368,241309,38949,42,254,2698,1314,46466,0,0,0,25940,1,5,4368,0,0,0.5,0.090988626,3007,1309,4269,3,1290,5,11219,228600,21,5,0,0
0,0,4775,0,0,1108,162975,10482,0,18325,15017,8.4,2.5,1681,12.6,4368,241309,38949,42,254,2698,1314,46466,0,0,0,25940,1,5,4368,0,0,0.5,0.090988626,3007,1309,4269,3,1290,5,11219,228600,21,5,0,0
0,0,4775,0,0,1108,162975,10482,0,18325,15017,8.4,2.5,1681,12.6,4368,241309,38949,42,254,2698,1314,46466,0,0,0,25940,1,5,4368,0,0,0.5,0.090988626,3007,1309,4269,3,1290,5,11219,228600,21,5,0,0
3,1.5,4775,2,44.44444444,1108,162948,10482,0,18325,15017,8.4,2.5,1680,12.6,4368,241281,38949,42,254,2698,1314,46466,0,0,0,25940,1,5,4368,0,0,0.5,0.091360302,3007,1309,4269,3,1290,5,11219,227670,21,5,100,2
0,0,4772,0,0,1104,162802,10478,0,18346,15115,8.5,2.5,1676,12.6,4461,241212,38989,42,265,2714,1365,46441,0,0,0,26939,1,5,4461,0,0,0.6,0.106633856,3099,1310,4269,3,1290,5,11258,195060,24,5,0,0
3,3,4772,3,33.33333333,1104,162792,10478,0,18343,15115,8.5,2.5,1676,12.6,4464,241202,38982,42,265,2717,1365,46434,0,0,0,26939,1,5,4464,0,0,0.6,0.10679811,3099,1313,4314,3,1290,5,11249,194760,24,5,33,0
2,0.5,4769,2,50,1104,162792,10478,0,18343,15115,8.5,2.5,1676,12.6,4461,241202,38982,42,265,2714,1365,46434,0,0,0,26939,1,5,4461,0,0,0.6,0.10679811,3099,1310,4269,3,1290,5,11249,194760,21,5,0,0
1,0.25,4767,1,100,1104,162792,10478,0,18343,15115,8.5,2.5,1676,12.6,4461,241202,38982,42,265,2714,1365,46434,0,0,0,26939,1,5,4461,0,0,0.6,0.10679811,3099,1310,4269,3,1290,5,11249,194760,21,5,0,0
2,0.666666667,4766,2,50,1104,162792,10478,0,18343,15115,8.5,2.5,1676,12.6,4461,241202,38982,42,265,2714,1365,46434,0,0,0,26939,1,5,4461,0,0,0.6,0.10679811,3099,1310,4269,3,1290,5,11249,194760,21,5,0,0
3,0.75,4764,3,33.33333333,1103,162733,10471,0,18331,15131,8.5,2.5,1675,12.6,4461,241092,38968,42,265,2714,1365,46413,0,0,0,26939,1,5,4461,0,0,0.6,0.108181204,3099,1310,4269,3,1290,5,11244,192270,21,5,66,1
1,0.333333333,4761,1,100,1103,162733,10471,0,18331,15131,8.5,2.5,1675,12.6,4461,241092,38968,42,265,2714,1365,46413,0,0,0,26939,1,5,4461,0,0,0.6,0.108181204,3099,1310,4269,3,1290,5,11244,192270,21,5,0,0
7,0.538461538,4760,4,17.58241758,1103,162733,10471,0,18331,15131,8.5,2.5,1675,12.6,4461,241092,38968,42,265,2714,1365,46413,0,0,0,26939,1,5,4461,0,0,0.6,0.108181204,3099,1310,4269,3,1290,5,11244,192270,21,5,42,1
1,125,4753,1,100,1100,162492,10430,0,18296,15134,8.5,2.5,1675,12.6,4507,240809,38886,42,269,2749,1373,46322,0,0,0,27139,1,5,4507,0,0,0.6,0.156444143,3126,1326,4314,3,1350,5,11268,177060,21,5,0,0
0,0,4752,0,0,1100,162492,10430,0,18296,15134,8.5,2.5,1675,12.6,4507,240809,38886,42,269,2749,1373,46322,0,0,0,27139,1,5,4507,0,0,0.6,0.156444143,3126,1326,4314,3,1350,5,11268,177060,21,5,0,0
2,1,4752,1,100,1100,162492,10430,0,18296,15134,8.5,2.5,1675,12.6,4507,240809,38886,42,269,2749,1373,46322,0,0,0,27139,1,5,4507,0,0,0.6,0.156444143,3126,1326,4314,3,1350,5,11268,177060,21,5,100,2
1,1,4750,1,100,1100,162474,10431,0,18301,15138,8.5,2.5,1675,12.6,4559,240787,38890,43,278,2763,1401,46322,0,0,0,27579,1,5,4559,0,0,0.6,0.206453851,3166,1337,4418,3,1380,5,11274,172920,21,5,0,0
1,0.25,4749,1,100,1100,162474,10431,0,18301,15138,8.5,2.5,1675,12.6,4559,240771,38890,43,278,2763,1401,46322,0,0,0,27579,1,5,4559,0,0,0.6,0.207317073,3166,1337,4418,3,1380,5,11274,172200,21,5,100,2
11,0.34375,4748,3,27.27272727,784,108170,4872,0,8385,7845,6.8,2.5,1675,5.8,3885,240899,13986,12,171,2638,1029,15149,0,0,0,20248,1,5,3885,0,0,0.6,0,2536,1342,4378,3,110,2,3607,62640,5,5,18,0
0,0,4737,0,0,784,108170,4872,0,8385,7845,6.8,2.5,1675,5.8,3885,240899,13986,12,171,2638,1029,15149,0,0,0,20248,1,5,3885,0,0,0.6,0,2536,1342,4378,3,110,2,3607,62640,5,5,0,0
1,0.333333333,4737,1,100,784,108170,4872,0,8385,7845,6.8,2.5,1675,5.8,3885,240899,13986,12,171,2638,1029,15149,0,0,0,20248,1,5,3885,0,0,0.6,0,2536,1342,4378,3,110,2,3607,62640,5,5,100,2
3,0.214285714,4736,2,44.44444444,783,108122,4863,0,8376,7845,6.8,2.5,1674,5.8,3897,240759,13974,12,171,2646,1033,15137,0,0,0,20272,1,8,3897,0,0,0.6,0,2544,1346,4390,3,110,2,3607,61080,5,5,100,2
1,0.333333333,4733,1,100,783,108122,4863,0,8376,7845,6.8,2.5,1674,5.8,3897,240759,13974,12,171,2646,1033,15137,0,0,0,20272,1,8,3897,0,0,0.6,0,2544,1346,4390,3,110,2,3607,61080,5,5,100,2
1,1,4732,1,100,783,108122,4863,0,8376,7845,6.8,2.5,1674,5.8,3897,240759,13974,12,171,2646,1033,15137,0,0,0,20272,1,8,3897,0,0,0.6,0,2544,1346,4390,3,110,2,3607,61080,5,5,100,2
1,1,4731,1,100,783,108116,4863,0,8376,7845,6.8,2.5,1674,5.8,3938,240753,13974,53,171,2646,1033,15137,0,0,0,20272,1,8,3938,0,0,0.6,0,2544,1346,4390,3,1340,5,3607,60450,5,5,100,2
3,0.1875,4730,3,33.33333333,783,108116,4863,0,8376,7845,6.8,2.5,1674,5.8,3905,240729,13974,12,171,2646,1033,15137,0,0,0,20288,1,8,3905,0,0,0.6,0.055423595,2552,1346,4390,3,110,2,3607,138930,5,1,66,1
3,0.75,4727,2,44.44444444,783,108116,4863,0,8376,7845,6.8,2.5,1674,5.8,3905,240729,13974,12,171,2646,1033,15137,0,0,0,20288,1,8,3905,0,0,0.6,0.055423595,2552,1346,4390,3,110,2,3607,138930,5,1,100,2
0,0,4724,0,0,783,108116,4863,0,8376,7845,6.8,2.5,1674,5.8,3905,240729,13974,12,171,2646,1033,15137,0,0,0,20288,1,8,3905,0,0,0.6,0.055423595,2552,1346,4390,3,110,2,3607,138930,5,1,0,0
8,0.666666667,4724,3,17.30769231,784,108329,4910,0,8420,7893,6.8,2.5,1674,5.8,3915,240813,14034,12,177,2649,1034,15247,0,0,0,20445,1,8,3915,0,0,0.6,0.058320079,2559,1349,4410,3,110,2,3604,132030,1,1,37,1
2,0.666666667,4716,1,100,783,108284,4901,0,8409,7881,6.8,2.5,1673,5.8,3918,240688,14020,12,177,2652,1034,15227,0,0,0,20450,1,8,3918,0,0,0.6,0.059787251,2560,1351,4410,3,110,2,3604,128790,1,1,100,2
4,0.8,4714,3,30,781,108336,4891,0,8400,7874,6.8,2.5,1670,5.8,3933,240535,14014,12,180,2659,1039,15209,0,0,0,20536,1,8,3933,0,0,0.6,0.062222222,2571,1355,4420,3,110,2,3609,123750,1,1,75,2
3,3,4710,2,44.44444444,781,108336,4891,0,8400,7874,6.8,2.5,1670,5.8,3933,240535,14014,12,180,2659,1039,15209,0,0,0,20536,1,8,3933,0,0,0.6,0.062222222,2571,1355,4420,3,110,2,3609,123750,1,1,66,1
1,125,4707,1,100,781,108336,4891,0,8400,7874,6.8,2.5,1670,5.8,3921,240535,14014,12,180,2647,1039,15209,0,0,0,20416,1,8,3921,0,0,0.6,0.062222222,2559,1355,4420,3,110,2,3609,123750,1,1,0,0
1,0.25,4706,1,100,781,108336,4891,0,8400,7874,6.8,2.5,1670,5.8,3921,240535,14014,12,180,2647,1039,15209,0,0,0,20416,1,8,3921,0,0,0.6,0.062222222,2559,1355,4420,3,110,2,3609,123750,1,1,0,0
1,0.5,4705,1,100,781,108336,4891,0,8400,7874,6.8,2.5,1670,5.8,3921,240535,14014,12,180,2647,1039,15209,0,0,0,20416,1,8,3921,0,0,0.6,0.062222222,2559,1355,4420,3,110,2,3609,123750,1,1,100,2
4,0.666666667,4704,4,25,781,108346,4891,0,8400,7874,6.8,2.5,1670,5.8,3924,240543,14014,12,180,2650,1039,15209,0,0,0,20416,1,8,3924,0,0,0.6,0.062693372,2559,1358,4420,3,110,2,3609,122820,1,1,50,1
4,0.666666667,4700,1,100,1095,162411,10387,0,18206,15108,8.5,2.5,1671,12.6,4735,240502,38856,19,365,2771,1506,46378,0,0,0,30011,1,11,4735,0,0,0.6,0.030449211,3347,1358,4420,3,610,5,11248,292290,18,1,50,1
2,0.285714286,4696,2,50,1095,162411,10387,0,18206,15108,8.5,2.5,1671,12.6,4738,240502,38856,19,367,2772,1506,46378,0,0,0,30036,1,11,4738,0,0,0.6,0.030449211,3350,1358,4420,3,610,5,11248,292290,18,1,50,1
0,0,4694,0,0,1095,162411,10387,0,18206,15108,8.5,2.5,1671,12.6,4738,240502,38856,19,367,2772,1506,46378,0,0,0,30036,1,11,4738,0,0,0.6,0.030449211,3350,1358,4420,3,610,5,11248,292290,18,1,0,0
5,1.25,4694,4,22.85714286,1082,160139,10180,0,17799,14814,8.5,2.6,1661,12.4,4786,237266,38130,19,379,2780,1534,45446,0,0,0,30882,1,9,4786,0,0,0.6,0.068933824,3392,1364,4421,3,610,5,11048,195840,18,1,20,0
1,0.333333333,4689,1,100,1082,160139,10180,0,17799,14814,8.5,2.6,1661,12.4,4786,237266,38130,19,379,2780,1534,45446,0,0,0,30882,1,9,4786,0,0,0.6,0.068933824,3392,1364,4421,3,610,5,11048,195840,18,1,0,0
5,1.25,4688,2,48,1082,160139,10180,0,17799,14814,8.5,2.6,1661,12.4,4786,237266,38130,19,379,2780,1534,45446,0,0,0,30882,1,9,4786,0,0,0.6,0.068933824,3392,1364,4421,3,610,5,11048,195840,18,1,40,1
4,1.333333333,4683,3,30,1082,160149,10182,0,17799,14822,8.5,2.6,1661,12.4,4812,237291,38126,19,399,2784,1536,45463,0,0,0,31072,1,9,4812,0,0,0.6,0.070257611,3416,1366,4421,3,610,5,11047,192150,18,1,50,1
6,1.5,4679,2,50,1082,160149,10182,0,17799,14822,8.5,2.6,1661,12.4,4812,237291,38126,19,399,2784,1536,45463,0,0,0,31072,1,9,4812,0,0,0.6,0.070257611,3416,1366,4421,3,610,5,11047,192150,18,1,0,0
2,2,4673,2,50,1082,160149,10182,0,17799,14822,8.5,2.6,1661,12.4,4762,237291,38126,19,398,2790,1537,45424,0,0,0,31025,1,9,4762,0,0,0.6,0.070257611,3365,1367,4436,3,610,5,11047,192150,24,1,0,0
0,0,4671,0,0,0,0,0,0,0,0,0,0,0,0,0,0,0,0,0,0,0,0,0,0,0,0,0,0,0,0,0,0,0,0,0,0,0,0,0,0,0,0,0,0,0
2,0.5,31323,2,50,4643,312921,32525,89.3,49487,16864,5.1,0.6,5178,9.8,5014,498793,83596,140,209,2258,1861,92664,91.1,22953,82.1,44049,1,106,4202,21,791,0.5,0,4992,22,150,3,0,1,20551,90,35,3,50,1
257,3.294871795,31321,25,0.904257193,4643,312921,32525,89.3,49487,16864,5.1,0.6,5178,9.8,5033,498793,83596,141,209,2273,1864,92664,91.1,22953,82.1,44231,1,106,4221,21,791,0.5,0.13626141,5009,24,180,3,0,1,20551,680310,38,3,30,0
192,3.096774194,31064,24,1.241017817,5054,311126,32486,89.5,48781,16285,5,0.9,5457,9.1,5747,500083,83637,140,228,2675,2066,97644,91.3,23192,82,50617,1,104,4743,23,981,0.5,0.370254485,5724,23,155,3,0,1,19748,95880,63,5,37,1
148,4.111111111,30872,23,1.669402455,5034,309414,32319,89.3,48447,16291,5,0.9,5444,9.1,5287,497936,83157,140,215,2221,2072,97119,91.1,23071,81.7,42114,1,107,4275,23,989,0.5,0.303792164,5252,35,215,3,0,1,19600,47730,77,5,34,1
147,3675,30724,25,1.381642558,5019,307833,32237,89.2,48274,16257,5,0.9,5413,9.1,5284,495529,82908,140,214,2207,2080,96816,91,22983,81.6,42054,1,105,4271,23,990,0.5,0.222949797,5251,33,195,3,0,1,19514,128280,77,5,21,0
249,3.661764706,30577,23,1.107636274,5007,305764,32121,89.2,48048,16308,5.1,0.9,5381,9.1,5317,492605,82462,140,218,2243,2074,96333,91,22810,81.6,41982,1,106,4305,22,990,0.5,0.210196611,5287,30,150,3,0,1,19403,264990,75,5,32,0
190,2.878787879,30328,26,1.214998534,4969,305212,32257,88.6,48141,16422,5.1,0.9,5284,9.3,5958,490091,82212,142,258,2445,2475,95471,90.3,22612,81.4,50633,1,99,4947,4,1007,0.6,0.193459852,5854,97,605,4,15,4,19404,298770,67,5,30,0
207,2.274725275,30138,27,0.939116368,4925,302197,31971,89.2,47716,16381,5.1,0.9,5221,9.3,6127,485389,81894,165,225,2455,2643,95489,91,22650,81.6,50420,1,116,5104,4,1019,0.6,0.160775807,6024,96,590,4,15,4,19272,235110,76,1,33,0
192,2.909090909,29931,24,1.143232094,4880,300742,31878,89,47622,16287,5.1,1,5179,9.4,6089,482433,81097,168,135,2372,2774,93916,90.8,22355,81.5,43090,1,123,5066,4,1019,0.5,0.335675802,5989,93,545,4,15,4,19226,426900,93,1,37,1
226,3.64516129,29739,31,0.841397823,4566,296140,31448,88.7,47273,16142,5.2,0.9,4862,9.9,4384,469784,80041,166,114,2161,1296,90699,90.5,22188,81.6,41387,1,118,3352,4,1028,0.5,0.637431105,4326,51,375,3,15,4,19385,125190,108,1,38,1
234,3.295774648,29513,23,0.950412716,4060,206022,23948,88.6,33049,15676,7.1,0.7,4868,9.2,3029,469205,65261,164,99,1128,937,90222,90.4,22135,81.5,32155,1,112,1923,4,1102,0.5,0.282227307,2971,51,375,3,15,4,12092,13110,104,1,36,1
220,3.492063492,29279,22,1.197898279,4536,291533,30992,88.2,46517,16085,5.2,0.9,4772,9.9,3332,462831,78655,164,97,1236,1137,88676,89.9,22017,81.2,33868,1,118,2210,4,1118,0.4,0,3280,52,380,3,0,1,19161,780,106,1,31,0
5,5,29059,2,48,4524,289786,30797,88,46242,16118,5.3,0.9,4744,9.9,3397,460385,78261,163,100,1258,1153,88358,89.8,22031,81.1,34442,1,151,2224,5,1168,0.4,0.313855992,3337,60,500,3,0,1,19059,613020,105,1,40,1
0,0,29054,0,0,0,0,0,0,0,0,0,0,0,0,0,0,0,0,0,0,0,0,0,0,0,0,0,0,0,0,0,0,0,0,0,0,0,0,0,0,0,0,0,0,0
163,0.594890511,17500,15,0.904495478,1340,117976,11289,55.9,20705,33045,21.9,2.8,1151,18,4108,207203,52783,151,734,1114,544,64602,59.3,19579,44.8,31384,1,0,4108,0,0,0.9,0,4009,87,1290,5,140,5,15827,60,42,5,35,1
78,1.5,17337,5,4.19471466,1337,117268,11243,55.9,20564,32953,21.9,2.7,1148,17.9,4350,206234,52416,153,730,1251,544,64167,59.3,19389,44.7,74027,1,0,4350,0,0,2.1,0.534861509,4257,82,1215,5,125,5,15658,10470,34,5,24,0
20,1.333333333,17259,5,10.34482759,1334,116962,11218,55.8,20507,32947,22,2.7,1145,17.9,4369,205830,52281,153,724,1259,568,64016,59.2,19321,44.5,74184,1,0,4369,0,0,2.1,1.921079958,4279,83,1220,5,105,5,15578,9630,34,5,40,1
296,1.672316384,17239,15,0.588719191,1332,116708,11199,55.8,20494,32913,22,2.7,1143,17.9,4525,205461,52252,152,729,1331,645,63938,59.2,19333,44.5,75580,1,1,4525,0,0,2.2,4.69858156,4443,75,1180,4,105,5,15597,22560,35,1,28,0
229,1.25136612,16943,18,0.661746497,1324,115824,11088,56.2,20280,32714,22,2.7,1138,17.8,3016,203935,51837,160,729,1201,610,63407,59.6,19131,44.8,72418,1,0,3016,0,0,2.1,1.839622642,2927,82,1279,5,105,5,15513,6360,64,1,26,0
30,1.764705882,16714,5,7.631874299,1311,114542,10994,56.5,20056,32510,22.1,2.8,1129,17.8,2947,203137,51379,149,714,1174,599,63030,60,18911,44.9,72030,1,0,2947,0,0,2.1,1.535087719,2872,75,1217,5,0,1,15382,4560,64,1,36,1
99,2.911764706,16684,9,2.807000157,1311,114521,10993,56.6,20051,32559,22.1,2.8,1129,17.8,2957,203190,51372,149,716,1176,606,63013,60.1,18893,44.9,72030,1,0,2957,0,0,2.1,1.725123409,2881,76,1232,5,0,1,15390,76980,64,1,32,0
0,0,16585,0,0,0,0,0,0,0,0,0,0,0,0,0,0,0,0,0,0,0,0,0,0,0,0,0,0,0,0,0,0,0,0,0,0,0,0,0,0,0,0,0,0,0
0,0,0,0,0,16370,1503693,137906,302.8,270503,127414,78,27.7,13775,196.4,65090,2204296,618608,633,2610,56294,5013,829195,306.6,125898,291,441758,10,0,65090,0,0,9.6,15.47912206,64147,179,1869,46,10710,20,209831,2156130,587,50,0,0
0,0,0,0,0,34152,2966956,279209,311,544544,297070,228,40,29253,475.5,56039,4484222,1241628,1296,3085,42192,8545,400941,315.5,109341,297.1,449507,25,0,56039,0,0,13.3,11.52019991,53968,55,550,55,28365,50,410279,8827380,654,110,0,0
0,0,0,0,0,13171,1107301,107348,0,205264,114715,122,27.4,11237,244.6,18699,1692044,460670,751,2072,10383,4868,0,0,0,0,181858,13,0,18699,0,0,6.9,4.351660499,17109,405,3828,41,16710,26,147105,1424070,490,17,0,0
0,0,0,0,0,0,0,0,0,0,0,0,0,0,0,0,0,0,0,0,0,0,0,0,0,0,0,0,0,0,0,0,0,0,0,0,0,0,0,0,0,0,0,0,0,0
0,0,2148,0,0,0,0,0,0,0,0,0,0,0,0,0,0,0,0,0,0,0,0,0,0,0,0,0,0,0,0,0,0,0,0,0,0,0,0,0,0,0,0,0,0,0
16,5.333333333,2148,2,42.96875,1818,94595,9354,389.2,14598,12229,45.8,0,2744,21.8,32,202275,56687,0,20,12,0,43707,392.8,8384,370.6,277,4,12,32,0,0,0,0.022547914,32,0,0,4,0,4,6705,106470,16,4,56,1
0,0,2132,0,0,0,0,0,0,0,0,0,0,0,0,0,0,0,0,0,0,0,0,0,0,0,0,0,0,0,0,0,0,0,0,0,0,0,0,0,0,0,0,0,0,0
7,7,2132,1,100,1371,71445,7056,291.9,11010,9225,34.2,0,2061,16.5,24,152313,42825,0,15,9,0,32931,294.6,6306,278.1,207,3,9,24,0,0,0,0,24,0,0,3,0,3,5058,79020,12,3,100,2
0,0,2125,0,0,0,0,0,0,0,0,0,0,0,0,0,0,0,0,0,0,0,0,0,0,0,0,0,0,0,0,0,0,0,0,0,0,0,0,0,0,0,0,0,0,0
0,0,2125,0,0,0,0,0,0,0,0,0,0,0,0,0,0,0,0,0,0,0,0,0,0,0,0,0,0,0,0,0,0,0,0,0,0,0,0,0,0,0,0,0,0,0
8,4,2125,1,100,457,23815,2352,97.3,3670,3075,11.4,0,687,5.5,8,50771,14275,0,5,3,0,10977,98.2,2102,92.7,69,1,3,8,0,0,0,0,8,0,0,1,0,1,1686,26310,4,1,25,0
64,1.488372093,2117,3,8.217131474,2270,118606,11724,485.6,18287,15170,56.7,0,3403,27.5,58,233946,70927,0,43,15,0,54515,490.3,10442,461.3,459,5,15,58,0,0,0,0,58,0,0,5,0,5,8436,368070,20,5,50,1
12,1.333333333,2053,2,48.61111111,792,40142,4536,193.4,7112,5460,24,0,1228,11.8,24,54092,26446,0,18,6,0,20048,195.6,4188,183,194,2,6,24,0,0,0,0,24,0,0,2,0,2,3418,29910,8,2,50,1
4,4,2041,2,37.5,396,20071,2268,96.7,3556,2730,12,0,614,5.9,12,27046,13223,0,9,3,0,10024,97.8,2094,91.5,97,1,3,12,0,0,0,0,12,0,0,1,0,1,1709,14910,4,1,50,1
17,1.545454545,2037,2,48.44290657,1188,60227,6807,290.1,10666,8181,36,0,1842,17.7,36,81131,39653,0,27,9,0,30065,293.4,6276,274.5,291,3,9,36,0,0,0,0,36,0,0,3,0,3,5119,59700,12,3,41,1
0,0,2020,0,0,0,0,0,0,0,0,0,0,0,0,0,0,0,0,0,0,0,0,0,0,0,0,0,0,0,0,0,0,0,0,0,0,0,0,0,0,0,0,0,0,0
0,0,2020,0,0,0,0,0,0,0,0,0,0,0,0,0,0,0,0,0,0,0,0,0,0,0,0,0,0,0,0,0,0,0,0,0,0,0,0,0,0,0,0,0,0,0
3,3,2020,1,100,396,20138,2266,96.7,3549,2724,11.9,0,614,5.9,12,27100,13198,0,9,3,0,10004,97.8,2090,91.5,97,1,3,12,0,0,0,0,12,0,0,1,0,1,1703,18180,4,1,66,1
12,12,2017,1,100,1980,100593,11327,483.5,17736,13612,59.5,0,3070,29.5,60,135397,65940,0,45,15,0,49962,489,10438,457.5,485,5,15,60,0,0,0,0,60,0,0,5,0,5,8500,87120,20,5,75,2
0,0,2005,0,0,0,0,0,0,0,0,0,0,0,0,0,0,0,0,0,0,0,0,0,0,0,0,0,0,0,0,0,0,0,0,0,0,0,0,0,0,0,0,0,0,0
0,0,2005,0,0,0,0,0,0,0,0,0,0,0,0,0,0,0,0,0,0,0,0,0,0,0,0,0,0,0,0,0,0,0,0,0,0,0,0,0,0,0,0,0,0,0
0,0,2005,0,0,0,0,0,0,0,0,0,0,0,0,0,0,0,0,0,0,0,0,0,0,0,0,0,0,0,0,0,0,0,0,0,0,0,0,0,0,0,0,0,0,0
0,0,2005,0,0,0,0,0,0,0,0,0,0,0,0,0,0,0,0,0,0,0,0,0,0,0,0,0,0,0,0,0,0,0,0,0,0,0,0,0,0,0,0,0,0,0
19,19,2005,2,26.59279778,2376,120665,13593,580.2,21278,16329,71.4,0,3684,35.4,72,162434,79132,0,54,18,0,59953,586.8,12520,549,582,6,18,72,0,0,0,0,72,0,0,6,0,6,10196,102300,24,6,78,2
0,0,1986,0,0,0,0,0,0,0,0,0,0,0,0,0,0,0,0,0,0,0,0,0,0,0,0,0,0,0,0,0,0,0,0,0,0,0,0,0,0,0,0,0,0,0
0,0,1986,0,0,0,0,0,0,0,0,0,0,0,0,0,0,0,0,0,0,0,0,0,0,0,0,0,0,0,0,0,0,0,0,0,0,0,0,0,0,0,0,0,0,0
0,0,1986,0,0,0,0,0,0,0,0,0,0,0,0,0,0,0,0,0,0,0,0,0,0,0,0,0,0,0,0,0,0,0,0,0,0,0,0,0,0,0,0,0,0,0
0,0,1986,0,0,0,0,0,0,0,0,0,0,0,0,0,0,0,0,0,0,0,0,0,0,0,0,0,0,0,0,0,0,0,0,0,0,0,0,0,0,0,0,0,0,0
0,0,1986,0,0,0,0,0,0,0,0,0,0,0,0,0,0,0,0,0,0,0,0,0,0,0,0,0,0,0,0,0,0,0,0,0,0,0,0,0,0,0,0,0,0,0
11,11,1986,1,100,1188,60327,6801,290.1,10644,8172,35.7,0,1842,17.7,36,81231,39564,0,27,9,0,29955,293.4,6258,274.5,291,3,9,36,0,0,0,0,36,0,0,3,0,3,5098,50850,12,3,90,2
0,0,1975,0,0,0,0,0,0,0,0,0,0,0,0,0,0,0,0,0,0,0,0,0,0,0,0,0,0,0,0,0,0,0,0,0,0,0,0,0,0,0,0,0,0,0
0,0,1975,0,0,0,0,0,0,0,0,0,0,0,0,0,0,0,0,0,0,0,0,0,0,0,0,0,0,0,0,0,0,0,0,0,0,0,0,0,0,0,0,0,0,0
3,1.5,1975,2,44.44444444,396,20104,2267,96.7,3546,2724,11.9,0,614,5.9,12,27072,13184,0,9,3,0,9989,97.8,2086,91.5,97,1,3,12,0,0,0,0,12,0,0,1,0,1,1696,18150,4,1,33,0
15,7.5,1972,3,15.25423729,1188,60165,6756,290.1,10599,8160,35.7,0,1842,17.7,36,81003,39450,0,27,9,0,29934,293.4,6270,273.9,291,3,9,36,0,0,0,0,36,0,0,3,0,3,5094,45360,12,3,53,1
0,0,1957,0,0,0,0,0,0,0,0,0,0,0,0,0,0,0,0,0,0,0,0,0,0,0,0,0,0,0,0,0,0,0,0,0,0,0,0,0,0,0,0,0,0,0
0,0,1957,0,0,0,0,0,0,0,0,0,0,0,0,0,0,0,0,0,0,0,0,0,0,0,0,0,0,0,0,0,0,0,0,0,0,0,0,0,0,0,0,0,0,0
3,3,1957,1,100,802,40312,4542,193.4,7126,5496,24,0,1240,11.8,24,54366,26568,0,18,6,0,20202,195.6,4240,183,194,2,6,24,0,0,0,0,24,0,0,2,0,2,3412,23520,8,2,66,1
18,1.384615385,1954,3,22.10526316,1199,60142,6785,290.1,10640,8208,36,0,1856,17.5,45,81119,39623,0,36,9,0,30106,293.4,6314,274.3,468,3,9,45,0,0,0,0,45,0,0,3,0,3,5150,24960,12,3,61,1
0,0,1936,0,0,0,0,0,0,0,0,0,0,0,0,0,0,0,0,0,0,0,0,0,0,0,0,0,0,0,0,0,0,0,0,0,0,0,0,0,0,0,0,0,0,0
7,7,1936,2,24.48979592,399,19999,2257,96.7,3539,2730,12,0,618,5.8,15,26974,13173,0,12,3,0,10006,97.8,2098,91.4,156,1,3,15,0,0,0,0,15,0,0,1,0,1,1710,6720,4,1,71,2
9,3,1929,1,100,798,39984,4514,193.4,7078,5466,24,0,1236,11.6,32,53930,26338,0,26,6,0,19986,195.6,4200,182.6,332,2,6,32,0,0,0,0,32,0,0,2,0,2,3446,7500,8,2,66,1
0,0,1920,0,0,0,0,0,0,0,0,0,0,0,0,0,0,0,0,0,0,0,0,0,0,0,0,0,0,0,0,0,0,0,0,0,0,0,0,0,0,0,0,0,0,0
12,1.714285714,1920,2,48.61111111,399,19947,2248,96.6,3528,2729,12,0,617,5.8,16,26910,13138,0,13,3,0,9984,97.8,2100,91,166,1,3,16,0,0,0,0,16,0,0,1,0,1,1717,19290,4,1,41,1
22,11,1908,2,29.75206612,2793,139643,15736,675.5,24717,19040,84,0,4319,40.6,259,188405,91987,0,196,28,35,69951,683.9,14742,635.6,1792,7,21,252,7,0,0,0,259,0,0,7,0,7,12061,178290,28,7,68,2
0,0,1886,0,0,0,0,0,0,0,0,0,0,0,0,0,0,0,0,0,0,0,0,0,0,0,0,0,0,0,0,0,0,0,0,0,0,0,0,0,0,0,0,0,0,0
0,0,1886,0,0,0,0,0,0,0,0,0,0,0,0,0,0,0,0,0,0,0,0,0,0,0,0,0,0,0,0,0,0,0,0,0,0,0,0,0,0,0,0,0,0,0
0,0,1886,0,0,0,0,0,0,0,0,0,0,0,0,0,0,0,0,0,0,0,0,0,0,0,0,0,0,0,0,0,0,0,0,0,0,0,0,0,0,0,0,0,0,0
0,0,1886,0,0,0,0,0,0,0,0,0,0,0,0,0,0,0,0,0,0,0,0,0,0,0,0,0,0,0,0,0,0,0,0,0,0,0,0,0,0,0,0,0,0,0
0,0,1886,0,0,0,0,0,0,0,0,0,0,0,0,0,0,0,0,0,0,0,0,0,0,0,0,0,0,0,0,0,0,0,0,0,0,0,0,0,0,0,0,0,0,0
0,0,1886,0,0,0,0,0,0,0,0,0,0,0,0,0,0,0,0,0,0,0,0,0,0,0,0,0,0,0,0,0,0,0,0,0,0,0,0,0,0,0,0,0,0,0
32,1.777777778,1886,2,49.8046875,1995,99710,11235,482.8,17645,13570,60,0,3085,29,182,134508,65665,0,140,17,25,49650,488.8,10530,454,1220,5,15,182,0,0,0,0,182,0,0,5,0,5,8610,176880,20,5,65,1
0,0,1854,0,0,0,0,0,0,0,0,0,0,0,0,0,0,0,0,0,0,0,0,0,0,0,0,0,0,0,0,0,0,0,0,0,0,0,0,0,0,0,0,0,0,0
11,1.833333333,1854,4,13.75921376,399,19589,2220,96.6,3488,2700,12.1,0,616,5.8,36,26498,13004,0,28,3,5,9800,97.8,2082,91,236,1,3,36,0,0,0,0,36,0,0,1,0,1,1702,29850,4,1,63,1
10,0.833333333,1843,2,48,804,39143,4447,193.4,6964,5401,24.2,0,1242,11.4,72,53006,26083,0,56,6,10,19683,195.8,4166,182,472,2,6,72,0,0,0,0,72,0,0,2,0,2,3371,78150,8,2,60,1
4,4,1833,1,100,402,19568,2223,96.7,3481,2700,12.1,0,621,5.7,36,26498,13042,0,28,3,5,9843,97.9,2084,91,236,1,3,36,0,0,0,0,36,0,0,1,0,1,1687,48900,4,1,50,1
9,9,1829,2,44.44444444,402,19568,2223,96.7,3481,2700,12.1,0,621,5.7,36,26498,13042,0,28,3,5,9843,97.9,2084,91,236,1,3,36,0,0,0,0,36,0,0,1,0,1,1687,48900,4,1,55,1
3,1.5,1820,1,100,398,19491,2218,96.6,3474,2683,12.1,0,615,5.8,36,26377,12985,0,28,3,5,9799,97.8,2080,91,236,1,3,36,0,0,0,0,36,0,0,1,0,1,1686,46590,4,1,33,0
67,1.970588235,1817,4,3.770620581,1087,56159,6385,289.3,10063,7409,35.1,0,1750,17.5,114,75322,36763,0,90,9,15,27719,293.2,6123,271.8,747,3,9,114,0,0,0,0.011022056,114,0,0,3,0,3,4909,400860,12,3,58,1
6,2,1750,2,44.44444444,360,18559,2104,96.4,3322,2409,11.5,0,582,5.8,38,24840,12104,0,30,3,5,9116,97.7,2022,90.5,249,1,3,38,0,0,0,0.024629329,38,0,0,1,0,1,1620,203010,4,1,16,0
11,5.5,1744,2,46.28099174,360,18508,2098,96.3,3314,2393,11.4,0,582,5.8,38,24766,12074,0,30,3,5,9128,97.6,2020,90.4,249,1,3,38,0,0,0,0.025340834,38,0,0,1,0,1,1617,197310,4,1,72,2
14,7,1733,2,48.97959184,1080,55472,6290,288.9,9935,7143,34.2,0,1746,17.4,114,74245,36239,0,90,9,15,27416,292.8,6055,271.2,744,3,9,114,0,0,0,0.076529027,114,0,0,3,0,3,4848,576240,12,3,57,1
0,0,1719,0,0,0,0,0,0,0,0,0,0,0,0,0,0,0,0,0,0,0,0,0,0,0,0,0,0,0,0,0,0,0,0,0,0,0,0,0,0,0,0,0,0,0
0,0,1719,0,0,0,0,0,0,0,0,0,0,0,0,0,0,0,0,0,0,0,0,0,0,0,0,0,0,0,0,0,0,0,0,0,0,0,0,0,0,0,0,0,0,0
16,2,1719,3,14.42307692,646,35835,4243,192.5,6668,4175,20.8,0,774,17.8,39,46623,23134,0,31,3,5,17775,195.2,4014,180.8,253,2,6,39,0,0,0,0.048503612,39,0,0,2,0,2,3230,166440,8,2,31,0
5,0.833333333,1703,2,48,315,17459,2097,96.2,3289,2003,10.3,0,368,9.2,1,22685,11328,0,1,0,0,8711,97.5,1981,90.3,7,1,3,1,0,0,0,0,1,0,0,1,0,1,1603,61770,4,1,80,2
16,4,1698,2,30.46875,1258,69469,8380,384.4,13121,7874,40.7,0,1405,38.6,7,90052,45010,0,7,0,0,34678,389.6,7912,360.9,46,4,12,7,0,0,0,0.034097428,7,0,0,4,0,4,6396,195420,16,4,56,1
0,0,1682,0,0,0,0,0,0,0,0,0,0,0,0,0,0,0,0,0,0,0,0,0,0,0,0,0,0,0,0,0,0,0,0,0,0,0,0,0,0,0,0,0,0,0
0,0,1682,0,0,0,0,0,0,0,0,0,0,0,0,0,0,0,0,0,0,0,0,0,0,0,0,0,0,0,0,0,0,0,0,0,0,0,0,0,0,0,0,0,0,0
0,0,1682,0,0,0,0,0,0,0,0,0,0,0,0,0,0,0,0,0,0,0,0,0,0,0,0,0,0,0,0,0,0,0,0,0,0,0,0,0,0,0,0,0,0,0
11,5.5,1682,2,39.66942149,313,17184,2090,96.1,3273,1936,10.1,0,346,9.8,1,22266,11180,0,1,0,0,8628,97.4,1975,90.2,7,1,3,1,0,0,0,0,1,0,0,1,0,1,1596,37530,4,1,63,1
11,11,1671,1,100,939,51556,6270,288.3,9819,5808,30.3,0,1038,29.4,3,66802,33539,0,3,0,0,25883,292.2,5925,270.6,21,3,9,3,0,0,0,0,3,0,0,3,0,3,4788,127950,12,3,72,2
0,0,1660,0,0,0,0,0,0,0,0,0,0,0,0,0,0,0,0,0,0,0,0,0,0,0,0,0,0,0,0,0,0,0,0,0,0,0,0,0,0,0,0,0,0,0
0,0,1660,0,0,0,0,0,0,0,0,0,0,0,0,0,0,0,0,0,0,0,0,0,0,0,0,0,0,0,0,0,0,0,0,0,0,0,0,0,0,0,0,0,0,0
1,1,1660,1,100,313,17173,2088,96.1,3271,1936,10.1,0,346,9.8,1,22256,11174,0,1,0,0,8626,97.4,1975,90.2,7,1,3,1,0,0,0,0,1,0,0,1,0,1,1596,42060,4,1,100,2
24,4,1659,4,10.41666667,313,16813,2051,96.1,3231,1916,10.2,0,337,9.9,1,21804,11070,0,1,0,0,8597,97.4,1962,90.3,7,1,3,1,0,0,0,0,1,0,0,1,0,1,1597,29730,4,1,50,1
25,2.5,1635,4,11.29411765,1878,99978,12276,576.6,19344,11418,61.2,0,2022,59.4,6,129804,66198,0,6,0,0,51396,584.4,11760,541.8,42,6,18,6,0,0,0,0,6,0,0,6,0,6,9576,288960,24,6,76,2
0,0,1610,0,0,0,0,0,0,0,0,0,0,0,0,0,0,0,0,0,0,0,0,0,0,0,0,0,0,0,0,0,0,0,0,0,0,0,0,0,0,0,0,0,0,0
0,0,1610,0,0,0,0,0,0,0,0,0,0,0,0,0,0,0,0,0,0,0,0,0,0,0,0,0,0,0,0,0,0,0,0,0,0,0,0,0,0,0,0,0,0,0
0,0,1610,0,0,0,0,0,0,0,0,0,0,0,0,0,0,0,0,0,0,0,0,0,0,0,0,0,0,0,0,0,0,0,0,0,0,0,0,0,0,0,0,0,0,0
0,0,1610,0,0,0,0,0,0,0,0,0,0,0,0,0,0,0,0,0,0,0,0,0,0,0,0,0,0,0,0,0,0,0,0,0,0,0,0,0,0,0,0,0,0,0
8,2,1610,2,37.5,313,16663,2046,96.1,3224,1903,10.2,0,337,9.9,1,21634,11033,0,1,0,0,8566,97.4,1960,90.3,7,1,3,1,0,0,0,0,1,0,0,1,0,1,1596,53700,4,1,25,0
22,1.571428571,1602,3,27.27272727,622,32837,4066,192,6402,3771,20.6,0,674,19.7,2,42712,21880,0,2,0,0,17005,194.8,3910,180.5,14,2,6,2,0,0,0,0,2,0,0,2,0,2,3161,162480,8,2,50,1
4,4,1580,1,100,309,16315,2025,96,3187,1875,10.3,0,337,9.8,1,21231,10887,0,1,0,0,8459,97.4,1950,90.2,7,1,3,1,0,0,0,0,1,0,0,1,0,1,1573,81990,4,1,50,1
5,5,1576,2,32,309,16315,2025,96,3187,1875,10.3,0,337,9.8,1,21231,10887,0,1,0,0,8459,97.4,1950,90.2,7,1,3,1,0,0,0,0,1,0,0,1,0,1,1573,81990,4,1,60,1
2,2,1571,1,100,309,16315,2025,96,3187,1875,10.3,0,337,9.8,1,21231,10887,0,1,0,0,8459,97.4,1950,90.2,7,1,3,1,0,0,0,0,1,0,0,1,0,1,1573,81990,4,1,50,1
0,0,1569,0,0,0,0,0,0,0,0,0,0,0,0,0,0,0,0,0,0,0,0,0,0,0,0,0,0,0,0,0,0,0,0,0,0,0,0,0,0,0,0,0,0,0
